asset,rows_total,rows_train,rows_test,ema1_period,ema2_period,ema3_period,train_sharpe,train_total_return,train_annualized_return,train_max_drawdown,train_trades,train_annualized_turnover,train_annual_costs,test_trades,test_annualized_turnover,test_annual_costs,subtrain_sharpe,val_sharpe,selection_score,view_q
krususd,774,464,310,37,173,139,2.8118781543859037,1.892925242761324,0.7805485913846146,-0.11517747443860511,5,5.974137931034483,0.005974137931034485,2,3.2516129032258063,0.0032516129032258063,2.066459959345833,1.1952496231045382,0.7596444549838908,0.7805485913846146
manhususd,468,280,188,10,158,115,2.7971920211584265,0.8342494839125747,0.7262852707274048,-0.12077720824889734,4,8.1,0.008100000000000001,3,8.042553191489361,0.008042553191489362,2.4044038015790425,6.017992426268212,4.211198113923627,0.7262852707274048
dhrususd,425,255,170,4,101,100,2.3217174471141133,1.6622997823226102,1.6318063692845555,-0.20012677865447742,4,7.905882352941177,0.007905882352941178,4,11.858823529411763,0.011858823529411764,3.7161484226651367,2.703545456003041,2.1972439726719935,1.6318063692845555
nhynonok,545,327,218,4,83,190,2.2942831892392657,1.8328724484039656,1.2310290586044257,-0.16011730205278588,3,5.394495412844036,0.005394495412844037,4,10.403669724770642,0.010403669724770644,1.5165802035334182,3.1628188845040923,2.3396995440187554,1.2310290586044257
acfreur,430,258,172,4,104,130,2.2690243201899096,0.5528254168410542,0.5370143374750527,-0.06690533697877717,5,10.74418604651163,0.010744186046511632,2,7.325581395348837,0.007325581395348837,1.0978153911887543,5.811842843834105,3.4548291175114296,0.5370143374750527
zbhususd,561,336,225,22,125,124,2.201193704419471,0.7519332357282962,0.5227835046919866,-0.1382751794658319,2,3.0,0.003,1,3.36,0.0033599999999999997,2.7483425447093053,0.5458992657495277,-0.5553223737303611,0.5227835046919866
usdtry,454,272,182,7,158,169,2.133564352661176,0.41759065808841855,0.38167976801873915,-0.04888057449761619,2,4.632352941176471,0.004632352941176471,0,1.3846153846153846,0.0013846153846153847,2.9843937024913894,-0.18457071419178736,-1.7690529225333758,0.38167976801873915
tjxususd,403,241,162,4,149,130,2.0228338362024436,0.43517943769865,0.45904234843801994,-0.14194907695297324,4,9.410788381742739,0.00941078838174274,4,12.444444444444443,0.012444444444444444,1.8442757003619328,4.259969178509513,3.0521224394357227,0.45904234843801994
wklnleur,981,588,393,4,98,121,1.9754776930969848,2.035436746557021,0.6094082496461881,-0.13768700827524363,4,3.8571428571428568,0.003857142857142857,3,3.8473282442748094,0.0038473282442748093,1.7036069457554972,1.4374617237293514,1.3043891127162786,0.6094082496461881
tprususd,693,415,278,16,116,166,1.9001122320629646,1.4196103764081647,0.7100992888548643,-0.2873888786025808,3,4.250602409638555,0.004250602409638555,1,2.7194244604316546,0.0027194244604316544,0.6316387531575517,8.153193566218203,4.392416159687878,0.7100992888548643
maususd,768,460,308,4,158,124,1.8175011414571303,2.0472491348477586,0.8411849043015323,-0.20755490003277619,3,3.8347826086956522,0.003834782608695652,5,9.0,0.009000000000000001,1.9052143043692285,1.9147501910243043,1.9099822476967665,0.8411849043015323
lplaususd,457,274,183,7,146,139,1.7787641871893676,0.6245393480659727,0.5624649687150689,-0.13694920902474103,2,4.598540145985401,0.004598540145985402,3,8.262295081967213,0.008262295081967214,0.6749246466753442,4.210942464619788,2.442933555647566,0.5624649687150689
amatususd,521,312,209,4,80,190,1.770097725371062,1.5985135944826139,1.162570063977387,-0.3243450925602518,3,5.653846153846153,0.005653846153846153,5,12.057416267942584,0.012057416267942586,2.11591335559186,0.2987489418572016,-0.6098332650101276,1.162570063977387
metususd,608,364,244,4,191,169,1.6879225478229343,1.1241901832867467,0.6846842121535239,-0.2218114401549246,3,4.846153846153846,0.004846153846153846,1,3.098360655737705,0.003098360655737705,1.247619066383314,2.192273177495213,1.7199461219392633,0.6846842121535239
tdyususd,634,380,254,25,182,181,1.5724973778484035,0.28790207879586016,0.18268659836273526,-0.07210766038351214,4,5.968421052631579,0.0059684210526315794,0,0.9921259842519685,0.0009921259842519685,2.1496013765789868,-0.013018674680742416,-1.094328700310607,0.18268659836273526
usdpln,446,267,179,4,80,136,1.5276493366987445,0.2974292908969016,0.2785881693093193,-0.0933591689588884,3,6.606741573033708,0.006606741573033708,2,5.631284916201117,0.005631284916201117,0.9410179313627942,2.3476648201566546,1.6443413757597245,0.2785881693093193
abtususd,797,478,319,13,161,154,1.465762471370522,0.7895482623312251,0.35908144286900967,-0.16213736956770944,3,3.690376569037657,0.0036903765690376573,2,3.1598746081504703,0.0031598746081504705,2.0093054474643153,0.443818213730236,-0.33892540313680364,0.35908144286900967
ote1vfieur,482,289,193,4,104,103,1.4626648991412767,1.5041363163015706,1.2264795543943543,-0.2563025585983934,4,7.8477508650519034,0.007847750865051904,6,15.668393782383419,0.015668393782383425,1.702928431815751,2.121522630964006,1.9122255313898786,1.2264795543943543
asmlnleur,790,474,316,4,188,115,1.4480646684799638,2.4111715013966206,0.9200644817006856,-0.24188138801037629,5,5.848101265822785,0.005848101265822786,5,7.974683544303797,0.0079746835443038,1.8686254177610169,2.3576748589797174,2.1131501383703672,0.9200644817006856
alleususd,591,354,237,13,140,100,1.4326941238416702,0.6547526774524026,0.4312262833517635,-0.13717662592082785,4,6.40677966101695,0.00640677966101695,2,4.253164556962026,0.004253164556962025,1.3895917622438863,-0.14169192952711554,-0.9073337754126164,0.4312262833517635
rtxususd,698,418,280,31,170,166,1.4257805173815499,0.6047338124780861,0.32993824682973694,-0.10300766660114075,3,4.220095693779904,0.004220095693779904,1,2.6999999999999997,0.0027,1.6510152652543215,-0.07833569085835272,-0.9430111689146898,0.32993824682973694
cahususd,712,427,285,4,167,145,1.3776537741323969,0.7118113871283016,0.37333743678291587,-0.2167708732548591,5,6.491803278688525,0.006491803278688526,1,2.6526315789473687,0.0026526315789473687,1.1456303183200063,1.7237256671108514,1.4346779927154287,0.37333743678291587
etnususd,506,303,203,13,185,187,1.3653458403483196,0.5670299453376295,0.45292268092022847,-0.26519527317047314,3,4.99009900990099,0.00499009900990099,2,6.206896551724138,0.006206896551724138,3.6324015838883614,-0.24781475277289217,-2.1879229211035187,0.45292268092022847
elususd,622,373,249,25,116,100,1.3630488046371867,0.415889798808581,0.26484114359655586,-0.1344963935989239,3,4.053619302949062,0.004053619302949061,1,3.036144578313253,0.003036144578313253,1.644499660965492,3.0018494769547757,2.323174568960134,0.26484114359655586
alkususd,545,327,218,16,146,106,1.290104114245513,0.4206477112572584,0.3107276226126485,-0.18650117327405208,4,6.1651376146788985,0.006165137614678899,3,6.935779816513761,0.0069357798165137615,0.8903674488598475,2.8345099172137034,1.8624386830367754,0.3107276226126485
knxususd,664,398,266,19,170,169,1.2760902080758987,0.30276432399411446,0.1823039364686423,-0.09885578806308624,3,4.432160804020101,0.004432160804020101,2,3.789473684210526,0.003789473684210526,1.1458663056179805,-0.33153727539263134,-1.0702390658979373,0.1823039364686423
0388hkhkd,658,394,264,10,107,103,1.2516896718046395,0.4451284523026833,0.265538006727873,-0.21754916171296046,5,6.395939086294416,0.006395939086294418,2,3.818181818181818,0.0038181818181818182,1.2552804451497175,1.7432325566012752,1.4992565008754963,0.265538006727873
kmiususd,1044,626,418,10,140,100,1.2472123487377595,1.0713939408072641,0.3406438485106682,-0.20436439210252855,5,4.02555910543131,0.004025559105431311,4,4.822966507177033,0.004822966507177034,1.437500187393806,1.3389540467107197,1.2896809763691766,0.3406438485106682
arususd,533,319,214,34,137,115,1.2391672192457868,0.7303097099350895,0.5420923146841929,-0.42412372139459936,4,6.3197492163009406,0.006319749216300941,1,3.532710280373832,0.003532710280373832,1.5687993755630234,1.5407388613740047,1.5267086042794955,0.5420923146841929
kerfreur,518,310,208,37,182,178,1.2181309993768974,0.7380574670807398,0.5672883564332545,-0.21721754282155628,2,4.064516129032258,0.004064516129032258,1,3.634615384615385,0.003634615384615385,1.0986765376015286,4.145518905916539,2.622097721759034,0.5672883564332545
amgnususd,733,439,294,7,101,100,1.1871739088255546,0.5608307772482215,0.2911966987033705,-0.14760281491405955,5,5.740318906605922,0.0057403189066059235,8,13.714285714285714,0.013714285714285719,0.7488413884795886,2.647723009332903,1.6982821989062458,0.2911966987033705
umibeeur,748,448,300,10,191,130,1.176901290508328,0.7134207239840666,0.35378129331688735,-0.30776258642562576,5,5.625,0.0056250000000000015,3,5.88,0.00588,1.0457244917223916,0.7713556814364767,0.6341712762935192,0.35378129331688735
allyususd,435,261,174,16,179,178,1.1748987667386748,0.23716653218805894,0.22812051183167648,-0.09150049497949374,4,7.724137931034482,0.007724137931034482,3,8.689655172413794,0.008689655172413793,1.1630556885565217,1.8965685066221092,1.5298120975893155,0.22812051183167648
agsbeeur,696,417,279,13,128,100,1.1100928359164917,0.8424564692572332,0.44671818686063647,-0.11581285938316717,4,4.83453237410072,0.00483453237410072,4,7.225806451612903,0.007225806451612903,1.2178116299282922,1.089420684324321,1.0252252115223355,0.44671818686063647
itwususd,928,556,372,4,107,100,1.0878365505320446,0.6886164342618877,0.2680184317635237,-0.24898504709255995,7,6.345323741007194,0.0063453237410071965,10,13.548387096774192,0.0135483870967742,0.9527104473959882,2.881944020048563,1.9173272337222755,0.2680184317635237
usdhuf,625,375,250,4,173,100,1.0864329385800984,0.25430007385033226,0.16446321252639406,-0.07781700424120266,5,7.3919999999999995,0.007392000000000002,6,13.104,0.013104000000000005,1.4764832333672664,1.4863695852195804,1.4814264092934235,0.16446321252639406
iceususd,791,474,317,4,191,133,1.0714173320437494,0.7215582049946208,0.3348323772013264,-0.17677181584267398,4,4.784810126582278,0.004784810126582279,3,4.769716088328076,0.004769716088328076,0.9859802598162329,4.325941059865844,2.6559606598410386,0.3348323772013264
ampususd,751,450,301,4,191,160,1.07094796120692,1.4960547195453402,0.6690229059985686,-0.290816894244067,4,5.04,0.00504,2,3.3488372093023258,0.003348837209302326,1.0270141776042307,-0.1898789558871572,-0.7983255226328512,0.6690229059985686
bagbgbx,426,255,171,4,146,115,1.0703140441287489,0.4043367139778278,0.39873774340654977,-0.060681629260182855,2,3.9529411764705884,0.003952941176470589,2,7.368421052631579,0.007368421052631579,1.4037693452839723,3.9522312747776964,2.6780003100308343,0.39873774340654977
ebayususd,639,383,256,10,161,118,1.0664351542423531,1.2713601997991733,0.7156281838042324,-0.27654902322560915,6,7.89556135770235,0.007895561357702353,2,3.9375,0.0039375,1.2824671961577472,1.8821518075198989,1.582309501838823,0.7156281838042324
trvususd,609,365,244,7,146,151,1.0624768853309698,0.41568788688556135,0.27124608237117886,-0.10492949035131137,3,4.832876712328767,0.004832876712328767,2,5.163934426229508,0.0051639344262295085,0.8996393643417655,1.482041236807274,1.1908403005745196,0.27124608237117886
teamususd,810,486,324,37,188,187,1.0412080362013665,1.139502533591569,0.4834513439095689,-0.27150918760192116,3,3.6296296296296298,0.00362962962962963,1,2.333333333333333,0.002333333333333333,1.3483257355689287,-0.5950759229531372,-1.56677675221417,0.4834513439095689
amznususd,481,288,193,28,107,154,1.0315244431135098,0.4100683210100917,0.3507816003042106,-0.26670212661653264,3,6.125,0.006125,1,2.61139896373057,0.0026113989637305698,1.6855647911189413,-0.18755368077007242,-1.1241129167145794,0.3507816003042106
hwmususd,455,273,182,4,167,151,1.0251510325943445,0.2843559371054416,0.25986781788244606,-0.1399946566924926,2,4.615384615384616,0.004615384615384616,1,4.153846153846154,0.004153846153846154,1.082591343017483,1.6850352044055803,1.3838132737115316,0.25986781788244606
axtaususd,437,262,175,16,98,100,1.0202782467420017,0.48783324769840397,0.4654405982112473,-0.1900002414234316,2,3.847328244274809,0.003847328244274809,2,5.76,0.00576,1.3413559448229646,-2.1578974739088377,-3.907524183274739,0.4654405982112473
isrgususd,691,414,277,4,95,100,1.0109899738433743,0.7016205301224108,0.3820543808056083,-0.20793287844694872,5,6.695652173913044,0.006695652173913045,5,10.007220216606497,0.0100072202166065,0.8507732623915782,2.8485968460853632,1.8496850542384706,0.3820543808056083
mckususd,1158,694,464,4,143,103,1.010561482817058,0.9492376361269945,0.2742466385007396,-0.153992939303672,8,6.172910662824208,0.006172910662824211,1,1.6293103448275863,0.0016293103448275863,0.37240756427683985,2.343332782268773,1.3578701732728065,0.2742466385007396
cvxususd,439,263,176,10,137,136,1.0069498304390856,0.8125292288822505,0.7679998477588124,-0.16626347322556462,5,9.581749049429657,0.009581749049429659,5,14.318181818181818,0.014318181818181822,-0.22078216063036635,1.7043084649828741,0.7417631521762539,0.7679998477588124
vow3deeur,603,361,242,10,191,181,1.0006091308197658,0.9256378417389575,0.5799757510859092,-0.2948608628935313,3,4.188365650969529,0.0041883656509695295,3,6.24793388429752,0.00624793388429752,1.2592148172607074,-1.6987152467542055,-3.177680278761662,0.5799757510859092
eqhususd,460,276,184,4,155,151,0.9847166417215442,0.35265241455593577,0.3175852227160363,-0.16343629018683714,3,5.478260869565217,0.005478260869565217,1,2.739130434782609,0.002739130434782609,0.5598236985815326,4.0359629442922325,2.2978933214368826,0.3175852227160363
jpmususd,945,567,378,7,89,148,0.9662735407582043,0.514822700471079,0.20270966799270984,-0.1914953387266824,8,7.111111111111111,0.007111111111111114,3,4.666666666666667,0.004666666666666667,1.3503663662300693,0.20797785499698748,-0.3632164006195534,0.20270966799270984
aosususd,520,312,208,7,164,106,0.9647478603284441,0.36389278582386164,0.28487522997823644,-0.23758819583723753,5,8.076923076923077,0.008076923076923079,7,16.961538461538463,0.01696153846153847,1.1627691986462205,2.163362668382032,1.6630659335141265,0.28487522997823644
twgbgbx,583,349,234,28,155,100,0.9475873981629223,0.25439128642309616,0.17780895384478979,-0.09560389795541843,4,5.776504297994269,0.00577650429799427,1,3.230769230769231,0.0032307692307692306,1.1499378834400225,1.3340094687984438,1.2419736761192333,0.17780895384478979
abcususd,950,570,380,16,188,196,0.9353608753551025,0.8156625720869182,0.3017296565757459,-0.1713997041099843,7,6.631578947368421,0.006631578947368424,2,3.3157894736842106,0.0033157894736842108,0.7811482316383632,1.6993111495375124,1.2402296905879377,0.3017296565757459
lgengbgbx,484,290,194,25,131,109,0.9241039104600424,0.4466772009903106,0.3783433735314887,-0.23379497378412636,3,6.082758620689655,0.006082758620689656,1,2.5979381443298966,0.0025979381443298967,0.3285556744270744,-0.36941044762906183,-0.7183935086571299,0.3783433735314887
fltususd,620,372,248,25,188,187,0.9160256632113791,0.3787651512357453,0.24306382387281333,-0.22649917227323693,3,4.741935483870967,0.004741935483870968,5,10.161290322580646,0.010161290322580648,1.4205730665819178,2.7162137382143046,2.068393402398111,0.24306382387281333
rostususd,402,241,161,10,176,103,0.9081231611312113,0.25516948267988204,0.26825755787869654,-0.17074601813272328,5,10.45643153526971,0.010456431535269711,1,4.695652173913044,0.004695652173913044,0.9736575214135834,-0.41969961238213666,-1.1163781792799967,0.26825755787869654
hesususd,1211,726,485,4,197,118,0.9065184426712255,2.6148850692298384,0.5621356726614963,-0.3899443389450683,11,7.983471074380166,0.00798347107438017,18,18.70515463917526,0.01870515463917527,1.1275030808723299,1.1939924789211334,1.1607477798967316,0.5621356726614963
azngbgbx,404,242,162,10,107,100,0.8596699776816321,0.14924257644688144,0.15586751587014414,-0.05105790010534372,2,4.165289256198347,0.004165289256198347,2,6.222222222222221,0.006222222222222222,1.0909714420038437,-0.3792243265866326,-1.1143222108818707,0.15586751587014414
exrususd,474,284,190,7,155,121,0.8535432083806038,0.18757051310056738,0.16478851103025738,-0.1351401066895573,4,7.098591549295775,0.007098591549295775,3,7.957894736842105,0.007957894736842105,1.0392484198085887,-0.45225434609205745,-1.1980057290423805,0.16478851103025738
tscogbgbx,1795,1077,718,28,116,112,0.8377418502902996,0.5818426302070994,0.11327095310435187,-0.18917660472676492,8,3.743732590529248,0.0037437325905292497,2,1.7548746518105849,0.001754874651810585,0.5733591617884889,0.5395523705960327,0.5226489749998046,0.11327095310435187
mchpususd,916,549,367,4,149,145,0.8233571418416319,1.1689253428641728,0.42672997316746963,-0.29628933182900813,7,6.426229508196722,0.006426229508196725,5,6.866485013623978,0.00686648501362398,0.9407491182197281,1.6731612328481817,1.3069551755339548,0.42672997316746963
marususd,1341,804,537,37,185,151,0.8149321407605515,1.5084117320449848,0.33408870061465645,-0.3583133097033617,5,3.134328358208955,0.0031343283582089556,1,1.4078212290502794,0.0014078212290502795,0.9904860487528696,0.04281883138710337,-0.43101477729577975,0.33408870061465645
masiususd,539,323,216,31,134,112,0.8062415168950368,0.3707720428515402,0.27896402395389885,-0.34002233949526756,4,7.021671826625386,0.007021671826625387,2,4.666666666666667,0.004666666666666667,0.2734888818353538,3.736980588409612,2.005234735122483,0.27896402395389885
mdlzususd,769,461,308,10,86,100,0.8040520180814156,0.2879818464043662,0.14836728932409526,-0.17581678411347945,3,3.82646420824295,0.00382646420824295,4,6.545454545454545,0.006545454545454545,0.766376252256051,1.0874136404639536,0.9268949463600022,0.14836728932409526
hcnususd,879,527,352,7,164,121,0.7964852902507896,0.7570287226530563,0.3093264955215269,-0.3554753055744793,7,6.69449715370019,0.006694497153700192,0,0.7159090909090909,0.0007159090909090909,0.773617454246995,0.7036308485759256,0.6686375457403909,0.3093264955215269
ftvususd,552,331,221,37,194,193,0.775374640854111,0.29534412948293176,0.2177611555356096,-0.18154780737834625,2,3.806646525679758,0.0038066465256797583,2,5.701357466063349,0.005701357466063348,0.8267920957977686,0.6955657013027781,0.6299525040552828,0.2177611555356096
hpqususd,815,489,326,4,116,100,0.7700254761002897,1.0205361547913858,0.43687299940306734,-0.167777935212205,7,7.730061349693251,0.007730061349693255,4,6.184049079754601,0.006184049079754601,1.0032506676184416,1.5071478938117349,1.2551992807150882,0.43687299940306734
lowususd,483,289,194,4,173,172,0.7685286348837421,0.28931246950400635,0.2480422294443192,-0.1804688264959257,2,4.359861591695502,0.004359861591695502,6,16.88659793814433,0.016886597938144336,0.8460857590767338,1.5288712757501595,1.1874785174134466,0.2480422294443192
whrususd,608,364,244,10,134,109,0.7582439761030126,0.4330404776654606,0.28285902025740484,-0.33857326834265217,3,4.846153846153846,0.004846153846153846,3,6.19672131147541,0.00619672131147541,1.671052618355415,-0.597915675923943,-1.7323998230636222,0.28285902025740484
acafreur,745,447,298,10,158,100,0.7568062110882059,0.6192448452788728,0.31220500808132856,-0.38816028713054196,5,5.6375838926174495,0.005637583892617451,3,5.919463087248322,0.005919463087248322,0.9174808456699315,1.6197777903378672,1.2686293180038994,0.31220500808132856
mktxususd,714,428,286,7,182,181,0.7478449869432959,0.5536842673668771,0.2961985650981218,-0.265258437892519,3,3.532710280373832,0.003532710280373832,3,5.286713286713287,0.005286713286713287,0.9040819220297039,-0.7955557813939225,-1.6453746331057357,0.2961985650981218
sgegbgbx,658,394,264,13,128,109,0.7324080575815771,0.36915637021463543,0.2225722684284681,-0.21852482167647072,3,3.8375634517766497,0.00383756345177665,3,5.727272727272727,0.005727272727272727,0.8769887492035285,4.459028846326525,2.668008797765027,0.2225722684284681
mhkususd,966,579,387,4,197,109,0.7256802233286939,0.5191015860686394,0.19958935813576395,-0.18914614630530213,7,6.528497409326425,0.006528497409326428,7,9.116279069767442,0.009116279069767445,0.09849273642768512,1.77460002017696,0.9365463783023226,0.19958935813576395
middususd,934,560,374,13,122,121,0.7169013541153683,0.4205374268494608,0.1711262250460428,-0.20502537457272677,7,6.75,0.0067500000000000025,5,6.737967914438502,0.006737967914438503,0.820737356181083,-0.5340700791185257,-1.21147379676833,0.1711262250460428
adiususd,462,277,185,31,101,100,0.7168495333957873,0.15256357136651588,0.13788786443292045,-0.09870858889010148,2,3.63898916967509,0.00363898916967509,1,2.7243243243243245,0.0027243243243243245,0.8736228252338633,2.0434691723052896,1.4585459987695764,0.13788786443292045
maerskbdkdkk,656,393,263,10,89,118,0.7011740358134094,0.6817265581447072,0.39559426687655463,-0.3373072854783266,4,5.129770992366412,0.005129770992366413,9,17.24714828897338,0.01724714828897339,1.1998616341316548,-0.5055657975068713,-1.3582795133261343,0.39559426687655463
adskususd,774,464,310,31,113,100,0.699690037908553,0.6193623585604042,0.29925821066673164,-0.3662676493796485,5,5.974137931034483,0.005974137931034485,5,8.129032258064516,0.008129032258064517,0.9157623530148459,1.6674122244922143,1.29158728875353,0.29925821066673164
irususd,622,373,249,4,98,133,0.6853240141851007,0.43415179882035493,0.2758398654949097,-0.2644017674836827,6,8.107238605898123,0.008107238605898126,8,16.19277108433735,0.016192771084337355,1.0840473445220193,-1.375515671947089,-2.605297180181643,0.2758398654949097
koususd,1594,956,638,7,104,100,0.6837688981364716,0.5620550993692444,0.1247552614382641,-0.13841751513941591,9,5.00836820083682,0.005008368200836823,10,8.294670846394984,0.00829467084639499,0.7928195465523454,3.797251783919824,2.2950356652360844,0.1247552614382641
ucbbeeur,814,488,326,22,113,103,0.6775580743336884,0.40061500500472436,0.19003039987814097,-0.41545385973186855,6,6.713114754098361,0.006713114754098363,0,0.7730061349693251,0.0007730061349693251,0.7880308263286863,1.2853926979587464,1.0367117621437163,0.19003039987814097
usdcnh,683,409,274,4,194,109,0.6724140534062678,0.06101721204675914,0.03716663721800839,-0.06041402116795452,3,4.312958435207824,0.004312958435207824,1,2.7591240875912413,0.002759124087591241,0.4353431209423608,1.920507986288965,1.1779255536156628,0.03716663721800839
mmmususd,548,328,220,7,161,160,0.6651167019333175,0.28671574014439916,0.21370933142016457,-0.325993615263835,2,3.841463414634146,0.0038414634146341463,1,2.290909090909091,0.002290909090909091,0.7005216805304234,1.7610722336898574,1.2307969571101405,0.21370933142016457
algnususd,607,364,243,7,185,112,0.6638681424795659,0.35436607877693116,0.23367820770208736,-0.20044833247887467,4,5.538461538461538,0.005538461538461539,2,5.185185185185185,0.005185185185185185,0.9179157307693185,0.33175243394045306,0.038670785526020324,0.23367820770208736
rrcususd,1237,742,495,10,89,100,0.6481389430340418,2.200782863658168,0.4845555392441745,-0.35725711848139075,8,5.773584905660377,0.00577358490566038,5,5.6000000000000005,0.005600000000000002,0.4259980106258929,0.8974505348286309,0.6617242727272619,0.4845555392441745
wtbgbgbx,1162,697,465,28,131,103,0.6431394263660591,0.5219996485240614,0.163997077003881,-0.2533701432102473,7,5.061692969870875,0.005061692969870878,3,3.793548387096774,0.0037935483870967742,0.8458668958999959,0.7004364005516895,0.6277211528775364,0.163997077003881
halususd,1214,728,486,31,194,139,0.6427493979536887,0.47986328778480236,0.14530949266276383,-0.21922451193058556,5,3.807692307692308,0.003807692307692309,3,3.6296296296296298,0.00362962962962963,0.8430111476866095,0.6994525988226566,0.6276733243906802,0.14530949266276383
adbeususd,787,472,315,4,116,127,0.6370708832419455,0.8292786387243283,0.38048208269196615,-0.5109724901709625,3,3.73728813559322,0.0037372881355932203,2,3.2,0.0032,0.605383171670597,2.731037799301927,1.668210485486262,0.38048208269196615
engifreur,985,591,394,19,113,103,0.6270435025564075,0.33166566776428463,0.12990416486301903,-0.16020968138258632,8,7.248730964467005,0.007248730964467008,4,5.756345177664975,0.005756345177664975,0.5879470699889303,-0.24002139323095628,-0.6540056248408996,0.12990416486301903
chfaed,400,240,160,19,122,121,0.6248230554055616,0.04382457911550319,0.04606553857235651,-0.026839079687857117,3,6.300000000000001,0.006300000000000001,3,9.450000000000001,0.00945,-0.3835657131999795,0.8297703832302848,0.22310233501515264,0.04606553857235651
cbususd,459,275,184,4,143,136,0.6152951222180587,0.11109011565046178,0.10134397509972426,-0.11896737714565311,5,10.08,0.010080000000000004,1,4.108695652173913,0.004108695652173914,0.8329091660048149,0.6199418666974752,0.5134582170438053,0.10134397509972426
brkbususd,629,377,252,34,185,184,0.6075933998922767,0.3725700217793517,0.23575643745754804,-0.268633512788541,3,4.679045092838196,0.004679045092838196,0,1.0,0.001,0.7853115897614315,0.958100082832247,0.8717058362968393,0.23575643745754804
alxnususd,786,471,315,28,110,109,0.6033813812361773,0.2932845394549084,0.14751902108073955,-0.23309231490917343,4,4.8152866242038215,0.0048152866242038225,1,2.4,0.0024000000000000002,1.293994445514763,0.24160755769145958,-0.2845858862201921,0.14751902108073955
iaggbgbx,403,241,162,4,137,133,0.591618364556356,0.13804511923424867,0.1447819582921499,-0.266298642449238,2,4.182572614107884,0.004182572614107883,4,12.444444444444443,0.012444444444444444,0.7496056088613098,4.869545162923006,2.809575385892158,0.1447819582921499
bacususd,670,402,268,37,176,172,0.5899189524530575,0.2473202455354293,0.14859070015326137,-0.2297452745758136,4,5.014925373134328,0.005014925373134328,2,3.7611940298507465,0.0037611940298507463,0.6984194434520496,1.9590279822630785,1.3287237128575642,0.14859070015326137
usdzar,602,361,241,4,116,115,0.5875064602682963,0.23690115106441945,0.15999322482601874,-0.16470142702934343,4,6.282548476454293,0.006282548476454294,3,7.319502074688796,0.007319502074688796,0.5033882968286167,3.130092934269606,1.8167406155491115,0.15999322482601874
hpeususd,501,300,201,13,134,100,0.5747124044066683,0.1575666224485528,0.130781348369436,-0.16834907196352986,2,4.2,0.0042,1,2.507462686567164,0.002507462686567164,1.3360434051881804,0.23624438534053044,-0.31365512458329453,0.130781348369436
phianleur,776,465,311,4,185,160,0.5736803501967432,0.15311599150141264,0.08026715428101294,-0.19055550590981982,6,6.503225806451613,0.006503225806451614,4,6.482315112540193,0.006482315112540193,0.6721098560154731,3.156354493476669,1.914232174746071,0.08026715428101294
sgdjpy,1802,1081,721,13,80,103,0.5734843166343149,0.17495087519385266,0.038299914858530126,-0.0972179047047972,9,4.429232192414431,0.004429232192414433,5,3.8446601941747574,0.003844660194174758,0.7433581186173747,0.4911403873571822,0.365031521727086,0.038299914858530126
keysususd,482,289,193,16,101,100,0.5718728950389544,0.21041779331367438,0.18118326474829605,-0.158867795980304,4,6.975778546712803,0.006975778546712804,1,3.9170984455958546,0.003917098445595854,0.7059415079201735,0.7035962982114216,0.7024236933570456,0.18118326474829605
bundtreur,740,444,296,10,92,118,0.571106629083318,0.06980356393819309,0.039039416153171524,-0.050335757941428916,4,4.54054054054054,0.004540540540540541,1,1.7027027027027026,0.0017027027027027026,0.7143356221053082,-2.6445429019903064,-4.323982164038114,0.039039416153171524
expeususd,927,556,371,31,167,100,0.5625568169429902,0.9661586949059162,0.3585602998741353,-0.38002309218917457,5,4.985611510791367,0.004985611510791368,6,8.830188679245282,0.008830188679245286,0.8348369367468976,-0.32685946040629543,-0.907707658982892,0.3585602998741353
eixususd,1028,616,412,37,176,172,0.5596241280945452,0.4307583053838995,0.15781920523400172,-0.32438831886345687,4,3.6818181818181817,0.003681818181818182,2,2.446601941747573,0.002446601941747573,0.6284522364870528,0.46415464242981086,0.38200584540118987,0.15781920523400172
amdususd,610,366,244,4,83,100,0.5552639166172522,1.1414022942167819,0.6892498398793054,-0.6061273984352633,4,6.19672131147541,0.006196721311475411,9,18.59016393442623,0.018590163934426238,1.3802029788090888,-1.3060184385347686,-2.6491291472066973,0.6892498398793054
tlsnsesek,591,354,237,31,113,106,0.5539295358608601,0.1680393223993235,0.11691614156158447,-0.17585504600042126,3,4.983050847457627,0.004983050847457628,2,5.3164556962025316,0.005316455696202532,1.2262453628917107,0.4883219287644488,0.11936021170081784,0.11691614156158447
usdils,1428,856,572,7,194,115,0.5523295258546125,0.15480715609565432,0.043283453609957334,-0.08954775148687955,10,6.182242990654205,0.006182242990654209,8,7.048951048951049,0.007048951048951053,0.546568545187455,1.3066580626927204,0.9266133039400877,0.043283453609957334
usdsek,943,565,378,7,110,106,0.5466517763379132,0.12132668907923083,0.052401414556136894,-0.07347465096248246,8,7.136283185840708,0.007136283185840711,5,7.333333333333333,0.007333333333333335,0.91244726916752,0.5138780525919899,0.3145934443042249,0.052401414556136894
jciususd,667,400,267,4,80,121,0.5441911798846091,0.34922403013374836,0.20768302657448756,-0.39836802698706847,3,4.41,0.004410000000000001,4,8.49438202247191,0.008494382022471911,0.25023093972976546,1.963616756511788,1.1069238481207768,0.20768302657448756
gbpcad,415,249,166,10,194,103,0.5389557122307298,0.037282309173060746,0.03773986566313581,-0.04129856778787961,4,8.096385542168674,0.008096385542168674,0,1.5180722891566265,0.0015180722891566265,0.7743484823258373,1.0285306327696888,0.9014395575477631,0.03773986566313581
pclnususd,457,274,183,10,107,100,0.5325804531208354,0.191970967383974,0.17528219260947964,-0.2750235472104397,4,8.277372262773723,0.008277372262773725,1,2.7540983606557377,0.002754098360655738,0.7967400581583236,1.170060116823089,0.9834000874907063,0.17528219260947964
fdxususd,1126,675,451,4,134,103,0.5278873566399491,0.514342898078012,0.1675721055696826,-0.4338341363980744,8,6.346666666666667,0.006346666666666671,8,8.940133037694013,0.008940133037694017,0.753841510755587,0.8200490497678417,0.7869452802617143,0.1675721055696826
tategbgbx,1446,867,579,4,179,109,0.5180238470767513,0.3374875558028658,0.08819582501506207,-0.20144104960725687,24,13.951557093425604,0.013951557093425614,11,10.010362694300518,0.010010362694300525,0.7100864474072069,0.49324379749281305,0.3848224725356161,0.08819582501506207
aaususd,970,582,388,4,80,199,0.5085507784648279,0.8670985098531794,0.3104263463255188,-0.4021196894200704,6,5.628865979381444,0.005628865979381446,6,8.443298969072165,0.008443298969072168,0.4023475435027599,1.2164389730131087,0.8093932582579343,0.3104263463255188
idxxususd,412,247,165,25,107,106,0.5069642333739208,0.3342562093652839,0.34206774809627705,-0.22936829127439667,3,7.1417004048583,0.0071417004048583,1,3.0545454545454547,0.0030545454545454548,0.5945144055334133,0.6912745975389581,0.6428945015361858,0.34206774809627705
0857hkhkd,492,295,197,10,80,112,0.5064052043353473,0.2332550539637137,0.19613661751565803,-0.277192955035971,4,7.688135593220339,0.00768813559322034,1,3.8375634517766497,0.00383756345177665,1.2418592352933084,1.1391717935510437,1.0878280726799114,0.19613661751565803
hogususd,695,417,278,4,152,124,0.5054262800003805,0.2649117313976732,0.15259486390501698,-0.27463349616701915,6,7.85611510791367,0.007856115107913673,4,8.158273381294963,0.008158273381294965,0.6579880828156393,0.5354959316540867,0.47424985607331044,0.15259486390501698
ilmnususd,750,450,300,4,170,112,0.50280372603407,0.48353950282770897,0.2471753091902149,-0.20835143693926964,5,5.6,0.005600000000000001,6,10.08,0.010080000000000004,0.8306591525899396,0.8337777510278727,0.8322184518089062,0.2471753091902149
stjgbgbx,616,369,247,16,155,100,0.5025203166363743,0.20911863423081067,0.13846644332210478,-0.40601394967015725,3,4.097560975609756,0.004097560975609756,2,4.080971659919029,0.004080971659919028,0.5943603629490617,2.1863739132145463,1.3903671380818041,0.13846644332210478
honususd,1546,927,619,10,125,109,0.5018758002059868,0.4487948449991217,0.10603498371608788,-0.20692365943503982,9,5.165048543689321,0.005165048543689323,10,8.1421647819063,0.008142164781906304,0.8320296430030135,-0.29750625960613875,-0.8622742109107149,0.10603498371608788
dhiususd,516,309,207,4,122,100,0.494295811692506,0.29770727066901004,0.2367999970542738,-0.28732205733048183,3,4.893203883495145,0.004893203883495146,3,7.304347826086957,0.007304347826086957,0.852729957265128,-0.027118982616961208,-0.46704345255800583,0.2367999970542738
mususd,1320,792,528,10,137,100,0.4942103801318176,0.8271733604768468,0.21141670555370617,-0.47947804415000156,6,4.136363636363637,0.004136363636363638,5,4.7727272727272725,0.004772727272727273,0.3343543232224751,0.7772947248924154,0.5558245240574452,0.21141670555370617
lenususd,506,303,203,19,194,193,0.49075710541462214,0.24351784184302594,0.1987275662520942,-0.40700544023992047,2,3.326732673267327,0.003326732673267327,2,6.206896551724138,0.006206896551724138,0.5918127532779458,0.7243704965945893,0.6580916249362676,0.1987275662520942
rbsgbgbx,578,346,232,7,173,115,0.48833320431318844,0.29271934351692463,0.2056220600901113,-0.34929576372931376,7,10.196531791907514,0.010196531791907519,1,3.2586206896551726,0.0032586206896551726,0.44376704535381806,2.4049180816514855,1.4243425635026519,0.2056220600901113
caciususd,615,369,246,22,83,139,0.48194607766640596,0.41098127372128324,0.26506276477083235,-0.304473920275908,5,7.51219512195122,0.007512195121951222,2,4.097560975609756,0.004097560975609756,0.35222027538048356,1.0971202325939886,0.7246702539872361,0.26506276477083235
gpnususd,645,387,258,7,137,136,0.46844660143773154,0.1980767455254857,0.12488021007790473,-0.17803525972097667,5,6.511627906976744,0.006511627906976745,6,11.72093023255814,0.011720930232558144,0.35710110901538084,0.09788140938004387,-0.031728440437624614,0.12488021007790473
tpkgbgbx,1532,919,613,7,101,100,0.46761291464812993,0.5395841765930574,0.1256104151859625,-0.29737636822145563,13,7.129488574537541,0.007129488574537546,8,6.577487765089724,0.006577487765089726,0.5345900956098206,-0.07116982207586968,-0.3740497809187148,0.1256104151859625
fdsususd,705,423,282,31,137,130,0.4641043121276381,0.13098891334997598,0.07608735061754546,-0.12622278281515462,4,4.76595744680851,0.004765957446808511,3,6.25531914893617,0.00625531914893617,0.9101697145734925,0.28133429151759215,-0.03308342001035802,0.07608735061754546
kpnnleur,467,280,187,13,122,115,0.45801596038465353,0.2173987416930363,0.1936845249840904,-0.22333966052263024,4,8.1,0.008100000000000001,2,5.390374331550802,0.005390374331550802,0.8980647126571695,0.5182585628661975,0.32835548797071157,0.1936845249840904
gbridxgbp,876,525,351,22,185,130,0.4548268706541544,0.08723765734045186,0.04096410286542218,-0.10367207685082673,7,7.199999999999999,0.007200000000000002,2,2.871794871794872,0.002871794871794872,0.457681899218458,-0.5997149668839074,-1.12841339993509,0.04096410286542218
amtususd,417,250,167,4,80,100,0.4364859605576327,0.2603785665629015,0.2627140628085536,-0.31732772251990154,6,13.104,0.013104000000000005,3,10.562874251497007,0.010562874251497007,1.649770863448437,-1.6626686519315126,-3.3188884096214872,0.2627140628085536
lwususd,605,363,242,28,164,139,0.4349674207060092,0.27643558387884104,0.18463896999597806,-0.29233706026724837,4,5.553719008264463,0.005553719008264463,3,7.289256198347108,0.007289256198347107,1.1710771538523466,-0.7970836268119658,-1.781164017144122,0.18463896999597806
ukgilttrgbp,993,595,398,4,83,154,0.42591025139310307,0.05811529320659181,0.024213376215133975,-0.061728839944649574,11,9.741176470588234,0.009741176470588241,9,11.396984924623116,0.011396984924623122,0.6481263499601669,0.20572578132195055,-0.015474502997157663,0.024213376215133975
efxususd,1568,940,628,7,167,136,0.4253526240131748,0.4183008372499226,0.09821364839967894,-0.21251975946344506,13,7.238297872340425,0.00723829787234043,9,7.222929936305732,0.007222929936305736,0.8434243777236105,0.6122712090448212,0.49669462470542664,0.09821364839967894
aepususd,1449,869,580,7,185,100,0.4246455849988322,0.25816997219363014,0.06886597846714104,-0.22916542056929814,10,6.0897583429229,0.0060897583429229026,7,6.517241379310345,0.006517241379310348,0.35832609136915017,0.7881903650015202,0.5732582281853351,0.06886597846714104
smingbgbx,1393,835,558,25,137,118,0.42330557039381006,0.33699960151235975,0.09160613166136455,-0.16987250226340206,8,4.82874251497006,0.004828742514970062,3,2.7096774193548385,0.002709677419354839,0.5044963119320832,0.5058900146437653,0.5051931632879243,0.09160613166136455
rgaususd,502,301,201,4,86,181,0.4165354660389582,0.11496987872750308,0.09539091900622809,-0.1886217489288961,4,6.6976744186046515,0.006697674418604652,10,26.328358208955223,0.026328358208955238,1.6091732375926442,-2.1823740311986217,-4.078147665594255,0.09539091900622809
ebsateur,507,304,203,31,197,193,0.4094684432076291,0.12834549487558689,0.10527854581407503,-0.22867619455473018,2,4.144736842105264,0.0041447368421052636,0,1.2413793103448276,0.0012413793103448277,0.02665580843749836,5.964253947753011,2.995454878095255,0.10527854581407503
glwususd,814,488,326,19,164,121,0.4004559292655645,0.14850239127179576,0.07411732300842,-0.19456425159214025,4,4.131147540983607,0.004131147540983607,1,1.5460122699386503,0.0015460122699386502,0.4680969293970942,0.7379830813222737,0.6030400053596839,0.07411732300842
ibmususd,836,501,335,28,128,118,0.38985921278586433,0.24416183783795042,0.11614983798698741,-0.32060922813860765,6,6.0359281437125745,0.006035928143712577,2,3.7611940298507465,0.0037611940298507467,0.24894495138450173,0.7880160486942718,0.5184805000393867,0.11614983798698741
ewususd,515,309,206,4,101,100,0.38860444094922253,0.15488491641799507,0.12461129872201293,-0.27831826273480587,4,6.524271844660194,0.006524271844660194,3,8.563106796116505,0.008563106796116505,-0.13626426154970692,0.7649454974948153,0.3143406179725542,0.12461129872201293
bdevgbgbx,753,451,302,10,128,121,0.374117272442267,0.19301047752332945,0.10363538469900546,-0.2474391373870162,6,7.263858093126386,0.007263858093126388,3,5.006622516556291,0.005006622516556291,0.7165025478061705,-0.3774915863521939,-0.9244886534313761,0.10363538469900546
dsmnleur,788,472,316,10,101,133,0.3735212538718421,0.17142676499731513,0.08814531913469303,-0.20098746289323768,6,6.406779661016949,0.006406779661016951,2,3.189873417721519,0.003189873417721519,0.6151512216835017,0.5957483431399432,0.5860469038681639,0.08814531913469303
sbuxususd,775,465,310,4,167,157,0.33783423738146984,0.4012763383887237,0.20062239610984878,-0.3151238727065408,5,5.961290322580645,0.005961290322580646,4,6.503225806451613,0.006503225806451613,0.5930955739316612,-0.24538310096470672,-0.6646224384128907,0.20062239610984878
humususd,752,451,301,37,182,163,0.3296770238667021,0.13852844869200798,0.07518356020717731,-0.25275712789917426,3,3.352549889135255,0.003352549889135255,3,5.023255813953488,0.005023255813953489,0.3855753166766426,0.9713864623996288,0.6784808895381357,0.07518356020717731
swedasesek,764,458,306,13,155,133,0.3275691059913306,0.13246528838794958,0.07084223141636192,-0.1559869021951875,4,4.951965065502184,0.004951965065502184,2,3.294117647058824,0.0032941176470588237,0.7244862540953007,-1.2615797175542922,-2.2546127033790886,0.07084223141636192
mcdususd,743,445,298,10,101,100,0.310668098062787,0.18323607117447027,0.09996726186715077,-0.22676891615541933,4,5.096629213483146,0.005096629213483147,4,7.6107382550335565,0.007610738255033558,0.5323273850400629,1.4502088643438515,0.9912681246919572,0.09996726186715077
schwususd,839,503,336,37,119,106,0.30979144568903155,0.398189604967244,0.18284471119621815,-0.36604472217330747,4,4.508946322067595,0.004508946322067595,4,6.0,0.006,0.4028999625295207,-0.39364890585915613,-0.7919233400534945,0.18284471119621815
usa30idxusd,422,253,169,4,197,172,0.3008937982295433,0.0431619067443092,0.04298769100757016,-0.19356632345233193,2,4.980237154150197,0.004980237154150198,1,2.9822485207100593,0.0029822485207100595,0.4237166114324719,-0.9706903495801682,-1.6678938300864883,0.04298769100757016
lngususd,484,290,194,25,113,106,0.2841471285865499,0.10441936854655465,0.09013923647899458,-0.19854761971008042,5,9.558620689655173,0.009558620689655175,2,6.494845360824742,0.0064948453608247424,0.3346925726273808,-0.15633453610729092,-0.4018480904746268,0.09013923647899458
agncususd,440,264,176,4,155,106,0.2764701804430431,0.05607008100021815,0.053454533224177814,-0.17712177121771214,5,9.545454545454545,0.009545454545454546,4,12.886363636363637,0.012886363636363639,1.1577326044104255,-0.5456932310962846,-1.3974061488496399,0.053454533224177814
bbyususd,566,339,227,22,95,112,0.23706190392125462,0.1316291457053922,0.09628040106365243,-0.36067594433399547,4,5.946902654867256,0.005946902654867256,2,4.440528634361233,0.004440528634361234,1.8447524168716505,-0.3949507645673138,-1.514802355286796,0.09628040106365243
itubususd,695,417,278,7,143,151,0.23387693929494718,0.03336461066520302,0.020031719036041062,-0.06807466892200745,3,3.6258992805755397,0.00362589928057554,4,8.158273381294963,0.008158273381294965,0.27130301788433586,0.29578567954334434,0.2835443487138401,0.020031719036041062
usddkk,655,393,262,7,179,133,0.23002710952222882,0.031101319675741923,0.019833104210338126,-0.0857095307964345,3,4.488549618320611,0.0044885496183206105,2,3.847328244274809,0.003847328244274809,0.6008246414625193,-2.0693895508671027,-3.404496647031914,0.019833104210338126
intcususd,620,372,248,34,116,106,0.22887726170238318,0.13328700261104665,0.08845606941238193,-0.46942905837239035,3,4.741935483870967,0.004741935483870968,2,4.064516129032258,0.004064516129032259,0.06781759551799958,0.8081084771792572,0.4379630363486284,0.08845606941238193
adpususd,939,563,376,4,197,190,0.22755714730640836,0.07607320657585159,0.03336194873070886,-0.1483543500455286,7,6.266429840142096,0.006266429840142098,6,8.042553191489361,0.008042553191489363,1.040672768547069,-0.5169195324895332,-1.2957156830078342,0.03336194873070886
kbcbeeur,804,482,322,4,95,124,0.2269239470290794,0.11469165010082727,0.058408989096470965,-0.25333490298798467,4,4.7053941908713695,0.00470539419087137,4,7.043478260869565,0.007043478260869567,-0.020257665678909402,1.6446478036135013,0.812195068967296,0.058408989096470965
1177hkhkd,431,258,173,4,167,106,0.22629846427672048,0.16851545179541905,0.16429106664340654,-0.4266057210186603,4,8.790697674418606,0.008790697674418606,6,17.479768786127167,0.017479768786127173,1.1194348184158924,-1.0928409262648118,-2.1989787986051637,0.16429106664340654
wppgbgbx,1578,946,632,28,197,178,0.2248885004919454,0.17097603815623397,0.04294197305407388,-0.25121417905593735,6,3.463002114164905,0.003463002114164906,4,3.588607594936709,0.0035886075949367094,0.26993458438024703,0.2732347694656587,0.27158467692295285,0.04294197305407388
amhususd,430,258,172,37,188,184,0.21833886397985006,0.0495482545944661,0.048368546388971145,-0.19356627440004703,5,9.767441860465118,0.00976744186046512,0,1.4651162790697674,0.0014651162790697673,0.1839312499949467,0.38721130402759435,0.2855712770112705,0.048368546388971145
kmbususd,1366,819,547,7,167,118,0.21181605287815164,0.12282166954918305,0.03628745732443184,-0.32115160837719686,11,7.076923076923077,0.007076923076923081,8,7.371115173674589,0.007371115173674592,0.7272565685545402,2.0066949704455452,1.3669757695000428,0.03628745732443184
0883hkhkd,572,343,229,22,173,100,0.20865035067624832,0.12238819966190762,0.08852854623257644,-0.2607850457916533,8,11.755102040816325,0.011755102040816331,2,4.401746724890829,0.0044017467248908294,0.6566633564848203,1.4371975688709162,1.0469304626778682,0.08852854623257644
sjmususd,525,315,210,13,125,115,0.2052992672418876,0.05601121324392122,0.04456344595299622,-0.17575666125126452,4,6.4,0.0064,3,8.4,0.0084,0.23948973588791606,3.0538939761098773,1.6466918559988968,0.04456344595299622
usdron,1216,729,487,22,80,148,0.19371147546672585,0.03312241057877352,0.011327866610650439,-0.07122287362039297,6,4.493827160493828,0.004493827160493829,3,3.1047227926078027,0.003104722792607803,0.2279133660272402,0.049232203515162706,-0.04010837774087604,0.011327866610650439
barcgbgbx,662,397,265,31,194,193,0.18969307645818437,0.266094559514386,0.1615595530547307,-0.5310552748136557,4,5.07808564231738,0.00507808564231738,1,2.852830188679245,0.002852830188679245,-0.026425592471759917,4.229294226777149,2.1014343171526946,0.1615595530547307
ipgpususd,579,347,232,22,143,142,0.18906382608499497,0.13323370331583195,0.09508581718429565,-0.38604389420371443,3,5.083573487031701,0.005083573487031701,1,3.2586206896551726,0.0032586206896551726,0.8441071571212668,-1.4517998131649963,-2.599753298308128,0.09508581718429565
biibususd,528,316,212,13,107,106,0.18845288236477434,0.10326537821872828,0.08152345186901666,-0.2731482075188282,4,6.379746835443038,0.006379746835443038,1,3.5660377358490565,0.003566037735849057,0.24335822307154859,2.8697710370119376,1.556564630041743,0.08152345186901666
ctshususd,462,277,185,13,197,196,0.1724889532347835,0.06928638044418811,0.06284080527364666,-0.27567604309046156,2,4.548736462093863,0.004548736462093863,1,4.0864864864864865,0.004086486486486487,0.2563042063892999,1.8941169653326544,1.0752105858609773,0.06284080527364666
nes1vfieur,669,401,268,13,149,103,0.15482224082554624,0.1671490013811021,0.10200638414703378,-0.6097948419121548,5,6.28428927680798,0.006284289276807981,1,2.8208955223880596,0.00282089552238806,0.29420287736947665,-0.3198680056773931,-0.6269034472008279,0.10200638414703378
aigususd,823,493,330,4,188,100,0.1372501815056449,0.07883484714959388,0.039549406416799826,-0.3814106947207649,8,8.178498985801218,0.008178498985801221,5,7.636363636363637,0.007636363636363638,0.36301918735959215,0.47443643414267533,0.41872781075113374,0.039549406416799826
mklususd,769,461,308,7,167,160,0.12905551835236018,0.043713888965170256,0.02366376078614274,-0.20286916950866274,5,6.0130151843817785,0.006013015184381781,0,0.8181818181818181,0.0008181818181818182,0.967821156606827,0.19166370412429654,-0.19641502211696868,0.02366376078614274
eaususd,1051,630,421,4,86,157,0.12526329452449267,0.08824869147139114,0.034406548950012494,-0.27082111224857597,19,15.6,0.015600000000000011,9,11.3729216152019,0.011372921615201906,0.4217725446774885,-0.10976558842973058,-0.37553465498334015,0.034406548950012494
kgfgbgbx,843,505,338,16,176,133,0.12026167110010726,0.09462598681615408,0.0461500981471068,-0.3986922828543755,6,6.487128712871288,0.00648712871287129,4,6.710059171597633,0.0067100591715976345,0.3980794132510722,-0.31276219346905304,-0.6681829968291157,0.0461500981471068
lususd,640,384,256,37,89,100,0.11192736403458682,0.0497114268258978,0.03235041847865516,-0.22263751574788437,4,5.25,0.00525,1,2.953125,0.002953125,0.3774583617495107,-1.2841374614873857,-2.114935373105834,0.03235041847865516
gbpaud,447,268,179,4,170,145,0.11141108019154454,0.007627824171448472,0.007170802930973608,-0.07589037554100342,3,5.641791044776119,0.00564179104477612,4,11.262569832402233,0.011262569832402234,2.259877704024646,-1.5838925834694182,-3.5057777272164503,0.007170802930973608
mgmususd,1127,676,451,13,113,109,0.10893410508622237,0.2090607744455728,0.07333453279828372,-0.6070087167401963,9,7.082840236686391,0.007082840236686394,7,8.381374722838137,0.00838137472283814,0.2427947461115589,0.6539987578479405,0.4483967519797497,0.07333453279828372
matusd,613,367,246,4,182,139,0.10883213764462234,0.10886543693479012,0.07353446804825525,-0.6231386025200456,6,8.926430517711172,0.008926430517711175,2,5.121951219512195,0.005121951219512195,0.4151650285435598,-0.5936514914664623,-1.0980597514714734,0.07353446804825525
avbususd,1087,652,435,4,86,121,0.10128609135061763,0.07486074748293592,0.028294996830998675,-0.3813684724915088,6,5.024539877300613,0.005024539877300615,5,5.793103448275862,0.005793103448275863,1.3049997224572913,-1.1004535778736788,-2.303180228039164,0.028294996830998675
kssususd,929,557,372,7,128,118,0.08562290515633333,0.05589486341912986,0.02491194361891269,-0.4026354611197151,9,8.143626570915618,0.008143626570915623,2,2.7096774193548385,0.002709677419354839,1.0949998866275386,-1.1062202791742128,-2.206830362075088,0.02491194361891269
0700hkhkd,421,252,169,7,179,175,0.07743579874938925,0.07867678431601766,0.07867678431601766,-0.4164097529184482,4,9.0,0.009000000000000001,2,5.964497041420119,0.005964497041420119,0.7903676204536972,-0.98839591996941,-1.8777776901809635,0.07867678431601766
nre1vfieur,549,329,220,13,104,103,0.07070042200675836,0.050080797005990885,0.038139457017720035,-0.3242925149753194,3,4.595744680851063,0.004595744680851064,3,6.872727272727273,0.0068727272727272725,0.3423511837664636,2.022517921498586,1.1824345526325248,0.038139457017720035
pmususd,506,303,203,10,107,103,0.06895802015088412,0.034242958595313455,0.02839829432503449,-0.3218869569428973,3,4.99009900990099,0.00499009900990099,2,4.9655172413793105,0.004965517241379311,0.0797071746148958,-0.8958204029154356,-1.3835841916806013,0.02839829432503449
kususd,1468,880,588,28,173,112,0.059615488890781575,0.03665635718376459,0.010362555196736123,-0.2006189244482756,9,5.4409090909090905,0.0054409090909090935,3,3.0,0.003,-0.04370474393578491,0.3099116852884377,0.13310347067632639,0.010362555196736123
dfsususd,498,298,200,4,86,130,0.05711494640512123,0.03272050417093131,0.027600675431999067,-0.3991017268282728,6,10.14765100671141,0.010147651006711412,2,6.300000000000001,0.006300000000000001,1.3806419210585554,-1.0069179857177473,-2.2006979391058987,0.027600675431999067
feususd,965,579,386,7,179,175,0.05488283314815165,0.05107104760694914,0.021915521762514878,-0.41109945390544095,8,7.398963730569949,0.007398963730569952,6,8.487046632124352,0.008487046632124354,0.09856597229224197,0.15580860493758913,0.12718728861491554,0.021915521762514878
sngbgbx,842,505,337,4,104,100,0.04629631298820035,0.02168926333951693,0.010764983955375618,-0.2693498637760239,11,10.978217821782179,0.010978217821782184,7,11.216617210682493,0.011216617210682497,0.7618512440303091,-1.1267668386697056,-2.071075880019713,0.010764983955375618
matususd,1215,729,486,22,95,103,0.03371148831782634,0.05721502531734157,0.019419073223436056,-0.43860343698168625,8,5.530864197530864,0.005530864197530867,6,6.222222222222222,0.0062222222222222245,0.2436941007203613,-1.1831016707674236,-1.896499556511316,0.019419073223436056
geususd,646,387,259,4,89,124,0.026392015229352743,0.009565975831401285,0.006218658968374147,-0.21116597037599674,5,6.511627906976744,0.006511627906976745,3,6.810810810810811,0.006810810810810811,-0.49571162202893193,1.7871553173271801,0.645721847649124,0.006218658968374147
out1vfieur,824,494,330,13,185,115,0.01878603876359847,0.043461508537987026,0.021939592426468923,-0.7346983079442801,5,5.101214574898786,0.005101214574898786,2,3.0545454545454547,0.0030545454545454548,0.07286457832560518,1.2587754691380646,0.6658200237318349,0.021939592426468923
weirgbgbx,657,394,263,4,197,100,0.00989533118316828,0.003272276406403929,0.002091695739052213,-0.20894174104952318,7,9.593908629441625,0.009593908629441629,5,9.581749049429657,0.009581749049429659,-0.1801676323533587,1.327846268956274,0.5738393183014576,0.002091695739052213
heianleur,1683,1009,674,10,182,154,0.008353585782929752,0.006272864110996368,0.0015629887196584313,-0.2820603475722213,15,7.492566897918731,0.007492566897918737,7,5.234421364985163,0.005234421364985166,0.255009333717849,-0.3596306542418149,-0.6669506482216468,0.0015629887196584313
agnnleur,738,442,296,4,176,175,-0.004383608429574279,-0.0056784690947923044,-0.003241460267573326,-0.6657024553259944,3,3.990950226244344,0.003990950226244344,4,6.8108108108108105,0.0068108108108108105,-0.09774485977651196,0.5345499811011496,0.21840256066231883,-0.003241460267573326
lvsususd,1443,865,578,4,188,115,-0.011192056995220283,-0.015733190556712073,-0.004609326104310751,-0.5400099821577273,15,8.739884393063585,0.00873988439306359,11,9.591695501730104,0.00959169550173011,0.676560442681055,-0.354891084421375,-0.87061684797259,-0.004609326104310751
axpususd,1088,652,436,37,128,121,-0.014341195608653351,-0.012027176223426417,-0.0046658022626402396,-0.3326842877236936,4,3.0920245398773005,0.0030920245398773005,2,2.311926605504587,0.002311926605504587,-0.016547132801228485,0.5289775940469412,0.2562152306228564,-0.0046658022626402396
tevaususd,522,313,209,19,185,154,-0.02129157863053408,-0.013630596439568654,-0.010988810155754924,-0.4355963491221455,4,6.440894568690096,0.006440894568690096,1,3.617224880382775,0.003617224880382775,-0.024631877371260373,1.308744937388457,0.6420565300085983,-0.010988810155754924
usdczk,527,316,211,4,107,100,-0.024318992283425316,-0.0037456733842590184,-0.002988190710956573,-0.12263629233515708,6,10.367088607594937,0.01036708860759494,3,8.360189573459715,0.008360189573459716,0.1666186461578973,-1.5425525847945745,-2.3971382002708106,-0.002988190710956573
stangbgbx,1245,747,498,10,125,118,-0.042771932897624425,-0.05296642444944366,-0.018191304869185854,-0.513760944651121,13,8.771084337349397,0.008771084337349402,3,3.036144578313253,0.003036144578313253,0.23634483170917142,0.35091410219842767,0.29362946695379954,-0.018191304869185854
kmxususd,668,400,268,19,101,100,-0.058715410012740894,-0.03941692191815416,-0.025017081586480083,-0.46783568031614975,7,8.82,0.008820000000000003,3,6.582089552238806,0.006582089552238806,-0.0021866686373832713,2.7630780334573113,1.380445682409964,-0.025017081586480083
allususd,735,441,294,13,89,175,-0.06413881099154303,-0.03265262487496268,-0.01879126828192612,-0.30382479196732354,7,8.571428571428571,0.008571428571428575,1,2.571428571428571,0.0025714285714285713,0.2682512599322897,-0.7384677145719226,-1.2418272018240288,-0.01879126828192612
mksiususd,499,299,200,22,164,100,-0.06424553945989227,-0.03233379250027468,-0.027321355335969022,-0.4366541309946479,4,7.585284280936455,0.007585284280936456,2,5.04,0.00504,-0.13175224726251697,2.5854283955042896,1.2268380741208864,-0.027321355335969022
svtgbgbx,1719,1031,688,4,188,154,-0.08639356197685734,-0.0609409786984878,-0.015251071224122725,-0.21369437925787158,15,7.5771096023278375,0.007577109602327842,15,11.354651162790697,0.011354651162790705,0.19334160769671163,-0.451569145553973,-0.7740245221793153,-0.015251071224122725
armkususd,422,253,169,7,191,106,-0.09099148749092513,-0.022424889864885555,-0.022337251347160025,-0.2026916868829252,6,12.948616600790514,0.01294861660079052,4,11.928994082840237,0.011928994082840238,-0.0008000005750604716,1.2124524986764607,0.6058262490507,-0.022337251347160025
fndususd,542,325,217,7,161,115,-0.09456832046776521,-0.04549914201009997,-0.03546304424862878,-0.37236874924949376,3,5.427692307692308,0.005427692307692308,3,6.967741935483871,0.0069677419354838704,0.50342490908873,-1.5699382531193153,-2.6066198342233378,-0.03546304424862878
acnususd,501,300,201,16,80,115,-0.12055042435830067,-0.038503075872672765,-0.03244372163277254,-0.2190338376464813,5,9.24,0.009240000000000002,4,10.029850746268655,0.010029850746268656,0.6063813107026799,-1.4902005122971436,-2.5384914237970553,-0.03244372163277254
jwnususd,862,517,345,4,197,196,-0.12205092455639602,-0.07185014396126665,-0.03569110382923002,-0.4485871744584805,9,8.773694390715669,0.008773694390715672,6,9.495652173913044,0.009495652173913047,0.020791375552990866,-0.26625333753336294,-0.40977569407653985,-0.03569110382923002
bpgbgbx,1016,609,407,13,149,106,-0.12424962714835855,-0.10492070686219512,-0.044830107211897285,-0.6138694020166491,6,4.9655172413793105,0.004965517241379312,8,10.525798525798525,0.01052579852579853,-0.39717967268724985,1.323863804103019,0.4633420657078846,-0.044830107211897285
vkfreur,519,311,208,7,197,181,-0.12467483205213657,-0.08314684061004918,-0.06792273152373807,-0.3018683076719065,4,6.482315112540193,0.006482315112540193,0,1.2115384615384617,0.0012115384615384616,0.4046299606456669,0.12127795275760955,-0.02039805118641913,-0.06792273152373807
chfils,405,243,162,22,104,109,-0.15053955532003807,-0.01562908940505603,-0.016203229826137977,-0.0989812037140644,4,8.296296296296296,0.008296296296296296,1,3.1111111111111107,0.003111111111111111,0.5530768839858481,-3.061053763136257,-4.86811908669731,-0.016203229826137977
aalususd,945,567,378,4,188,130,-0.15083725525086722,-0.05122711378372813,-0.023100481434374043,-0.32379855668369784,7,6.666666666666667,0.00666666666666667,10,14.0,0.014000000000000007,-0.17710852396832225,3.891906585968671,1.8573990310001744,-0.023100481434374043
acxeseur,515,309,206,31,158,100,-0.1514484259768283,-0.122199902396117,-0.10083952395858009,-0.43055969626646917,7,11.417475728155338,0.011417475728155343,3,7.339805825242719,0.007339805825242718,-0.14678328762357198,-0.8576065421454575,-1.2130181694064004,-0.10083952395858009
fitbususd,1258,754,504,4,179,106,-0.15301897552014856,-0.1942633552640317,-0.06964628312102805,-0.4502702140652455,11,7.352785145888594,0.007352785145888599,12,12.0,0.012000000000000007,-0.028904335761661248,-0.05371040979129241,-0.06611344680610799,-0.06964628312102805
yfiusd,1593,955,638,13,80,112,-0.1546934810312473,-0.24654980738592303,-0.07197890280314856,-0.5626105211606249,10,5.277486910994765,0.005277486910994767,6,4.739811912225705,0.004739811912225707,0.0508965671272717,-0.25904794330804115,-0.4140201985256976,-0.07197890280314856
eqtususd,433,259,174,4,140,121,-0.15703087783272154,-0.21073339474679476,-0.20566908613791857,-0.8868578927634048,3,5.837837837837839,0.005837837837837838,0,1.4482758620689655,0.0014482758620689656,-0.3537809478942348,-0.368870504299593,-0.3764152825022721,-0.20566908613791857
stervfieur,776,465,311,7,167,163,-0.20485166826600404,-0.1530212947136419,-0.08607292435970781,-0.5001686384400411,4,4.877419354838709,0.00487741935483871,7,11.344051446945338,0.011344051446945341,0.170109362407975,-0.5577962653122571,-0.9217490791723733,-0.08607292435970781
plnidxpln,659,395,264,28,194,172,-0.21250112771662566,-0.059037349947606454,-0.03807801495221319,-0.23152886967997646,4,5.741772151898735,0.005741772151898735,2,3.818181818181818,0.0038181818181818182,-0.2865450393198493,-0.9806050505666435,-1.3276350561900405,-0.03807801495221319
pbrususd,404,242,162,13,179,100,-0.21844115747170725,-0.13069586044511894,-0.13571259628007537,-0.5698787937639744,3,7.289256198347108,0.007289256198347107,3,10.888888888888888,0.010888888888888889,-0.39622405451046,1.4899096087256103,0.5468427771075751,-0.13571259628007537
batsgbgbx,531,318,213,4,122,124,-0.22028375078676335,-0.013406683172201728,-0.010639025352505604,-0.04927694057083469,2,3.169811320754717,0.0031698113207547173,4,10.647887323943662,0.010647887323943664,-0.2541790372062603,-0.16107667539429277,-0.20762785630027653,-0.010639025352505604
pncususd,588,352,236,4,155,172,-0.23665337008168205,-0.0663497947255629,-0.04796131543901605,-0.18201968837603485,7,10.022727272727273,0.010022727272727277,3,7.47457627118644,0.007474576271186441,0.39446837702095777,-1.331550279233572,-2.194559607360837,-0.04796131543901605
usdnok,657,394,263,25,194,193,-0.2567440338721659,-0.05296077771459862,-0.03420468354528383,-0.1587642186789848,5,7.035532994923858,0.00703553299492386,2,3.832699619771863,0.003832699619771863,0.5230257962637764,-0.6947907936301382,-1.3036990885770954,-0.03420468354528383
vodgbgbx,986,591,395,19,149,136,-0.2583936319442171,-0.2047078380582864,-0.09304656541242029,-0.4531213519011907,7,5.969543147208122,0.005969543147208124,3,4.465822784810126,0.004465822784810127,0.32707804994048284,-0.7593236169830307,-1.3025244504447877,-0.09304656541242029
tlwgbgbx,613,367,246,4,125,121,-0.26116365572456013,-0.7202382293674114,-0.5829980729460043,-0.9621371390241718,5,6.866485013623978,0.00686648501362398,1,3.073170731707317,0.003073170731707317,-0.261126737549065,-1.389436482891147,-1.953591355562188,-0.5829980729460043
belgbeeur,1221,732,489,16,158,142,-0.273874039094125,-0.18799428123092599,-0.06918236217626716,-0.3073879470509271,7,4.8196721311475414,0.004819672131147543,5,5.153374233128835,0.005153374233128835,-0.23326371257308132,-1.2807037113060697,-1.804423710672564,-0.06918236217626716
chiidxusd,448,268,180,4,83,100,-0.2788667532698802,-0.08115700720276775,-0.07650221847089533,-0.23717478590417296,2,3.7611940298507465,0.0037611940298507463,3,9.799999999999999,0.0098,-0.32745914878284005,-2.0038695349669613,-2.842074728059022,-0.07650221847089533
alksususd,467,280,187,7,188,184,-0.2950500643687583,-0.10539518530994307,-0.09537599477003311,-0.2907795672464375,4,7.199999999999999,0.0072,3,9.433155080213904,0.009433155080213904,0.24565687542520043,-0.7416730711260756,-1.2353380444017137,-0.09537599477003311
mksgbgbx,429,257,172,7,110,100,-0.2951635646084059,-0.26527562717170916,-0.2608560447546392,-0.5775852660300137,4,7.844357976653697,0.007844357976653697,1,2.9302325581395348,0.0029302325581395347,-0.11483534911109228,2.4305703823973746,1.1578675166431411,-0.2608560447546392
apdususd,795,477,318,10,92,121,-0.3031501776021631,-0.1505314401361436,-0.0825796063656894,-0.35534856682434474,7,7.39622641509434,0.007396226415094343,3,5.547169811320755,0.005547169811320755,-0.10413851067574234,0.7213375473144809,0.30859951831936927,-0.0825796063656894
mkrusd,578,346,232,25,113,112,-0.30813003589276766,-0.5657835746292124,-0.45533072896591964,-0.8515580554089881,4,6.554913294797688,0.006554913294797689,4,9.775862068965518,0.009775862068965519,0.057553970413835996,5.830924858755799,2.9442394145848176,-0.45533072896591964
avgbgbx,547,328,219,37,107,103,-0.317190910832194,-0.232328490957045,-0.18382907892617362,-0.49239078668027136,4,6.914634146341463,0.006914634146341464,1,2.3013698630136985,0.0023013698630136984,-0.24079014066902052,0.2450257328678435,0.002117796099411484,-0.18382907892617362
nzdcad,494,296,198,28,110,100,-0.334322964735432,-0.04546835568991725,-0.03884269592277623,-0.1142524445041117,2,3.4054054054054053,0.0034054054054054052,2,6.363636363636364,0.006363636363636364,-0.3885520450638964,-0.3752163171654088,-0.3818841811146526,-0.03884269592277623
elsususd,582,349,233,16,125,106,-0.3457883043253409,-0.09403327009536033,-0.06882278553061016,-0.17794166946027537,4,5.776504297994269,0.00577650429799427,2,4.326180257510729,0.0043261802575107295,-0.605674840783108,-0.7262221004898805,-0.7864957303432667,-0.06882278553061016
sgdidxsgd,1012,607,405,37,191,118,-0.386081455667205,-0.08389470311886371,-0.0357239442838857,-0.13463521825801064,7,5.812191103789127,0.00581219110378913,4,4.977777777777778,0.004977777777777778,0.07968757932185315,0.3773272369731541,0.22850740814750364,-0.0357239442838857
avtrususd,769,461,308,7,98,100,-0.41006358491432976,-0.14151761223996662,-0.08002701089045128,-0.2129840505030932,5,5.466377440347072,0.005466377440347073,4,6.545454545454545,0.006545454545454545,-0.015374029041595622,-2.014930054262838,-3.014708066873459,-0.08002701089045128
albususd,806,483,323,7,116,169,-0.4108911751543463,-0.22878022662698239,-0.12675435346002228,-0.3570805043121769,5,5.217391304347826,0.0052173913043478265,3,5.461300309597522,0.005461300309597523,-0.2635066036484416,-0.406751040795878,-0.4783732593695962,-0.12675435346002228
nzdchf,575,345,230,4,140,136,-0.4224356752946076,-0.06765418730911288,-0.04988100512885929,-0.14482308437072247,4,5.843478260869565,0.005843478260869566,3,7.6695652173913045,0.007669565217391304,-0.48438590653328023,0.3834813596578873,-0.05045227343769643,-0.04988100512885929
inganleur,712,427,285,4,89,109,-0.46801852918096626,-0.2228411952322612,-0.13824697600605973,-0.4284637168196729,5,6.491803278688525,0.006491803278688526,3,6.189473684210526,0.006189473684210527,0.03926835751650175,-0.7662880548879512,-1.1690662610901776,-0.13824697600605973
gnrcususd,626,375,251,10,104,139,-0.480469555642031,-0.26206962906559594,-0.184720844588795,-0.4504110342927469,5,7.3919999999999995,0.007392000000000002,1,3.0119521912350598,0.00301195219123506,0.2592917208012269,-1.460442762628079,-2.3203100043427316,-0.184720844588795
ulvrgbgbx,801,480,321,10,185,139,-0.504036264525148,-0.18982263269639243,-0.1046258413732174,-0.3485441702496958,8,8.4,0.008400000000000005,4,6.280373831775702,0.006280373831775702,-0.7172220173302403,0.7885088922940198,0.035643437481889695,-0.1046258413732174
luvususd,958,574,384,22,101,100,-0.5169000958681431,-0.32657266045672384,-0.15934955256001204,-0.3970493561112672,5,4.390243902439025,0.004390243902439026,7,9.1875,0.009187500000000005,-0.4236909770493165,0.027000877958361924,-0.1983450495454773,-0.15934955256001204
hkgidxhkd,1358,814,544,4,155,112,-0.5609338633279028,-0.34303400809476736,-0.12195958551862762,-0.3893392744950925,11,6.8108108108108105,0.006810810810810815,9,8.338235294117647,0.008338235294117652,-0.31864922575079807,-0.48790756840002525,-0.5725367397246388,-0.12195958551862762
tususd,523,313,210,4,86,100,-0.6226602165987793,-0.17704535604722038,-0.14519286801832954,-0.2451777418703288,3,4.830670926517572,0.0048306709265175714,1,2.4,0.0024,0.3972959157586918,-1.2906295239376908,-2.134592243785882,-0.14519286801832954
copususd,413,247,166,34,179,100,-0.6741378179692831,-0.3253959227443268,-0.3307499468183822,-0.41634446960499233,3,6.1214574898785425,0.0061214574898785425,2,7.590361445783133,0.007590361445783133,-0.7507982700967515,-0.8163140753390437,-0.8490719779601897,-0.3307499468183822
vnadeeur,660,396,264,13,146,148,-0.6758574353307101,-0.5060342281081729,-0.36161919824079924,-0.6285128663401905,5,6.363636363636364,0.006363636363636365,1,1.909090909090909,0.0019090909090909091,0.7336450776678402,-0.9586467296162946,-1.804792633258362,-0.36161919824079924
rbiateur,661,396,265,10,140,157,-0.7067548483823077,-0.18211157351323815,-0.12008306493813481,-0.2549783546127809,5,6.363636363636364,0.006363636363636365,0,0.9509433962264151,0.0009509433962264151,-0.47049980831905647,-0.7350176126292545,-0.8672765147843535,-0.12008306493813481
abevususd,1109,665,444,19,83,172,-0.765780756496217,-0.3674564979896926,-0.1593335220512968,-0.4422149425204376,7,5.305263157894737,0.005305263157894739,6,6.810810810810811,0.006810810810810813,-0.1622548681950064,-1.8554046678665623,-2.7019795677023404,-0.1593335220512968
cciususd,562,337,225,31,95,118,-0.7935307123765294,-0.16484922629692378,-0.12602747575719264,-0.2594682982776364,2,3.738872403560831,0.0037388724035608313,2,4.4799999999999995,0.00448,-0.5624737472872435,0.3824466085451522,-0.09001356937104565,-0.12602747575719264
mdtususd,597,358,239,13,137,178,-0.8020173523446426,-0.14419085709820845,-0.10381143636453427,-0.15644180097051597,6,8.446927374301676,0.008446927374301678,1,2.1087866108786613,0.002108786610878661,-0.3802569190373426,-1.2810689844228709,-1.731475017115635,-0.10381143636453427
eosusd,638,382,256,10,101,100,-0.8270765696644209,-0.8291344833611073,-0.6882596843178588,-0.8991834365486886,5,7.2565445026178015,0.0072565445026178035,5,10.828125,0.010828125000000003,-0.9040847433059804,-0.6736037100686385,-0.7888442266873095,-0.6882596843178588
amwlususd,547,328,219,10,185,106,-0.8452415093758342,-0.5801534698822359,-0.4866385635940572,-0.7737889273356402,2,3.073170731707317,0.003073170731707317,4,9.205479452054794,0.009205479452054794,-0.8863332318361583,2.5031546157681213,0.8084106919659815,-0.4866385635940572
abibeeur,833,499,334,31,143,139,-0.8475936752751911,-0.19762908514769462,-0.10523599142869977,-0.21635758192695653,4,4.545090180360721,0.004545090180360722,5,7.544910179640719,0.00754491017964072,-0.34797017518257356,-0.7284772810037324,-0.9187308339143119,-0.10523599142869977
glefreur,429,257,172,4,158,100,-0.8995121428356004,-0.247259233834909,-0.24308810382954094,-0.2723546178577583,3,5.883268482490273,0.005883268482490273,3,8.790697674418604,0.008790697674418604,-0.9617833801409761,2.206609747226,0.622413183542512,-0.24308810382954094
xomususd,416,249,167,16,131,100,-0.9236868900745641,-0.18813986309821895,-0.1901760251416872,-0.21616074656026066,3,6.072289156626506,0.006072289156626506,3,9.053892215568862,0.009053892215568862,-0.662397253160037,-1.3716957368073368,-1.7263449786309868,-0.1901760251416872
solbbeeur,603,361,242,10,182,145,-0.9252819411231682,-0.22644654442194556,-0.16409012631864917,-0.32286498308651607,5,6.980609418282548,0.00698060941828255,3,7.289256198347108,0.007289256198347107,0.38092408085170665,0.06612344481693164,-0.09127687320045588,-0.16409012631864917
cpigbgbx,421,252,169,13,89,100,-0.929203557047234,-0.7127222568512332,-0.7127222568512332,-0.7632786885245902,3,6.0,0.006,4,13.420118343195266,0.013420118343195269,-0.6496802034708019,-0.7255410514355094,-0.7634714754178631,-0.7127222568512332
cptususd,455,273,182,4,95,103,-1.027313140742534,-0.12432945303885545,-0.11534065391196702,-0.14825984069240955,5,10.153846153846155,0.010153846153846157,7,19.384615384615383,0.019384615384615392,-0.11562242093730647,-0.7714812255780702,-1.0994106278984521,-0.11534065391196702
ustbondtrusd,1012,607,405,4,80,109,-1.0913631163190574,-0.14729942382444194,-0.0640131654283258,-0.14809100093742766,8,6.642504118616145,0.006642504118616149,16,19.91111111111111,0.019911111111111122,-1.0999476328412157,-0.9889605244465118,-1.0444540786438639,-0.0640131654283258
sttususd,415,249,166,4,92,196,-1.2041543954113172,-0.22739457143898978,-0.22979231301703995,-0.22739457143898978,4,9.108433734939759,0.00910843373493976,3,10.626506024096386,0.010626506024096385,-0.796111966850886,-2.3188186142738156,-3.0801719379852806,-0.22979231301703995
eurdkk,473,283,190,19,110,112,-1.5814726297134434,-0.006219492213483502,-0.005540095988341709,-0.006219492213483502,2,3.5618374558303887,0.0035618374558303886,1,3.9789473684210526,0.003978947368421052,-1.868898911654512,-2.638647716764716,-3.0235221193198183,-0.005540095988341709
