datetime,portfolio_return_hmm
2018-01-01 00:00:00+00:00,0.0
2018-01-02 00:00:00+00:00,0.0
2018-01-03 00:00:00+00:00,0.0
2018-01-04 00:00:00+00:00,-0.00040939217804864176
2018-01-05 00:00:00+00:00,0.0023538008703273636
2018-01-07 00:00:00+00:00,0.0
2018-01-08 00:00:00+00:00,0.0011403744394765038
2018-01-09 00:00:00+00:00,0.0014258907614349621
2018-01-10 00:00:00+00:00,0.00021574445163124038
2018-01-11 00:00:00+00:00,0.00028558850320507746
2018-01-12 00:00:00+00:00,0.0020156774976134327
2018-01-14 00:00:00+00:00,0.0
2018-01-15 00:00:00+00:00,-0.00036583247806606017
2018-01-16 00:00:00+00:00,0.0
2018-01-17 00:00:00+00:00,0.0014664531823936216
2018-01-18 00:00:00+00:00,0.0005931047119608318
2018-01-19 00:00:00+00:00,0.0019230536138506826
2018-01-21 00:00:00+00:00,0.0
2018-01-22 00:00:00+00:00,0.001382844872114237
2018-01-23 00:00:00+00:00,0.0004811361084125848
2018-01-24 00:00:00+00:00,0.0006576157911029153
2018-01-25 00:00:00+00:00,-0.000536069621365036
2018-01-26 00:00:00+00:00,0.0018420031865240287
2018-01-28 00:00:00+00:00,0.0
2018-01-29 00:00:00+00:00,-0.0008673037806514833
2018-01-30 00:00:00+00:00,-0.0022621848182212854
2018-01-31 00:00:00+00:00,-0.000276860644422897
2018-02-01 00:00:00+00:00,0.0
2018-02-02 00:00:00+00:00,-0.0017752951320473154
2018-02-04 00:00:00+00:00,0.0
2018-02-05 00:00:00+00:00,-0.0031232313779494935
2018-02-06 00:00:00+00:00,-0.0005778849074937088
2018-02-07 00:00:00+00:00,0.00032725281693943325
2018-02-08 00:00:00+00:00,-0.0041858090832644
2018-02-09 00:00:00+00:00,-0.000575071675166164
2018-02-11 00:00:00+00:00,0.0
2018-02-12 00:00:00+00:00,0.002785983771023727
2018-02-13 00:00:00+00:00,0.00017164178699887033
2018-02-14 00:00:00+00:00,0.0020123753581243555
2018-02-15 00:00:00+00:00,0.0011659397432313568
2018-02-16 00:00:00+00:00,0.00070422798672536
2018-02-18 00:00:00+00:00,0.0
2018-02-19 00:00:00+00:00,-0.0005162387011184504
2018-02-20 00:00:00+00:00,0.0006794005902182256
2018-02-21 00:00:00+00:00,0.0009485618793102003
2018-02-22 00:00:00+00:00,-0.0006165969853991845
2018-02-23 00:00:00+00:00,0.0011538763400687885
2018-02-25 00:00:00+00:00,0.0
2018-02-26 00:00:00+00:00,0.002151965810701991
2018-02-27 00:00:00+00:00,-0.0011927499965767182
2018-02-28 00:00:00+00:00,-0.0007007493183179541
2018-03-01 00:00:00+00:00,-0.0006583034349250805
2018-03-02 00:00:00+00:00,-0.00036409165464510595
2018-03-04 00:00:00+00:00,0.0
2018-03-05 00:00:00+00:00,0.0004650057553462628
2018-03-06 00:00:00+00:00,0.0007791517838218017
2018-03-07 00:00:00+00:00,0.0
2018-03-08 00:00:00+00:00,0.0008288441807407353
2018-03-09 00:00:00+00:00,0.0009898766699016424
2018-03-11 00:00:00+00:00,0.0
2018-03-12 00:00:00+00:00,0.000632111766433676
2018-03-13 00:00:00+00:00,-0.0008321101536688722
2018-03-14 00:00:00+00:00,-0.00038627105934999144
2018-03-15 00:00:00+00:00,0.0
2018-03-16 00:00:00+00:00,0.0
2018-03-18 00:00:00+00:00,0.0
2018-03-19 00:00:00+00:00,-0.0012856073947874222
2018-03-20 00:00:00+00:00,0.0011506283546643518
2018-03-21 00:00:00+00:00,-0.0007653329860878518
2018-03-22 00:00:00+00:00,-0.0017672575208652935
2018-03-23 00:00:00+00:00,-0.0016611634133008163
2018-03-25 00:00:00+00:00,0.0
2018-03-26 00:00:00+00:00,0.001744923331095165
2018-03-27 00:00:00+00:00,-0.0006204512975506955
2018-03-28 00:00:00+00:00,-0.0009932956809414546
2018-03-29 00:00:00+00:00,0.00088784860034256
2018-03-30 00:00:00+00:00,0.0
2018-04-01 00:00:00+00:00,0.0
2018-04-02 00:00:00+00:00,-0.0016425110405624468
2018-04-03 00:00:00+00:00,0.0004923325973171593
2018-04-04 00:00:00+00:00,0.0010728945284252116
2018-04-05 00:00:00+00:00,0.00134916787572833
2018-04-06 00:00:00+00:00,-0.0011535260164438807
2018-04-08 00:00:00+00:00,0.0
2018-04-09 00:00:00+00:00,0.0
2018-04-10 00:00:00+00:00,0.001449503444225941
2018-04-11 00:00:00+00:00,-0.0002207684351540107
2018-04-12 00:00:00+00:00,0.000792053206134877
2018-04-13 00:00:00+00:00,-0.0005831500291302432
2018-04-15 00:00:00+00:00,0.0
2018-04-16 00:00:00+00:00,0.0004740100581154871
2018-04-17 00:00:00+00:00,0.001506740293438658
2018-04-18 00:00:00+00:00,0.0007171505453099504
2018-04-19 00:00:00+00:00,-0.0007872301942292298
2018-04-20 00:00:00+00:00,-0.0007454629587543281
2018-04-22 00:00:00+00:00,0.0
2018-04-23 00:00:00+00:00,0.00046622072395030307
2018-04-24 00:00:00+00:00,-0.00029695105265960915
2018-04-25 00:00:00+00:00,0.0007930173691274552
2018-04-26 00:00:00+00:00,0.0012343122871991746
2018-04-27 00:00:00+00:00,0.0007176454883063037
2018-04-29 00:00:00+00:00,0.0
2018-04-30 00:00:00+00:00,0.0
2018-05-01 00:00:00+00:00,0.0003039123198773431
2018-05-02 00:00:00+00:00,-0.001105563323720209
2018-05-03 00:00:00+00:00,0.00022637139149557178
2018-05-04 00:00:00+00:00,0.000689717724586832
2018-05-06 00:00:00+00:00,0.0
2018-05-07 00:00:00+00:00,0.0
2018-05-08 00:00:00+00:00,0.0
2018-05-09 00:00:00+00:00,0.0
2018-05-10 00:00:00+00:00,0.0
2018-05-11 00:00:00+00:00,0.0
2018-05-13 00:00:00+00:00,0.0
2018-05-14 00:00:00+00:00,0.0
2018-05-15 00:00:00+00:00,0.0
2018-05-16 00:00:00+00:00,0.0004671402615279977
2018-05-17 00:00:00+00:00,0.0
2018-05-18 00:00:00+00:00,0.0
2018-05-20 00:00:00+00:00,0.0
2018-05-21 00:00:00+00:00,0.0005563722622129963
2018-05-22 00:00:00+00:00,-0.00026592791395160673
2018-05-23 00:00:00+00:00,0.0011444472871501876
2018-05-24 00:00:00+00:00,0.0002165560762025578
2018-05-25 00:00:00+00:00,0.0005426200932728473
2018-05-27 00:00:00+00:00,0.0
2018-05-28 00:00:00+00:00,0.0
2018-05-29 00:00:00+00:00,0.0
2018-05-30 00:00:00+00:00,0.0
2018-05-31 00:00:00+00:00,0.0
2018-06-01 00:00:00+00:00,0.0
2018-06-03 00:00:00+00:00,0.0
2018-06-04 00:00:00+00:00,0.0
2018-06-05 00:00:00+00:00,0.0
2018-06-06 00:00:00+00:00,0.0
2018-06-07 00:00:00+00:00,0.0
2018-06-08 00:00:00+00:00,0.0
2018-06-10 00:00:00+00:00,0.0
2018-06-11 00:00:00+00:00,0.0
2018-06-12 00:00:00+00:00,0.0
2018-06-13 00:00:00+00:00,-0.0003429352472003172
2018-06-14 00:00:00+00:00,0.0006259313574792296
2018-06-15 00:00:00+00:00,-0.0002844645479274309
2018-06-17 00:00:00+00:00,0.0
2018-06-18 00:00:00+00:00,0.0
2018-06-19 00:00:00+00:00,0.0
2018-06-20 00:00:00+00:00,0.0
2018-06-21 00:00:00+00:00,0.0
2018-06-22 00:00:00+00:00,0.0
2018-06-24 00:00:00+00:00,0.0
2018-06-25 00:00:00+00:00,-0.000583274022629837
2018-06-26 00:00:00+00:00,0.0
2018-06-27 00:00:00+00:00,0.0
2018-06-28 00:00:00+00:00,0.0
2018-06-29 00:00:00+00:00,0.0
2018-07-01 00:00:00+00:00,0.0
2018-07-02 00:00:00+00:00,-0.0005234462230545557
2018-07-03 00:00:00+00:00,0.0
2018-07-04 00:00:00+00:00,0.0
2018-07-05 00:00:00+00:00,0.0
2018-07-06 00:00:00+00:00,0.0
2018-07-08 00:00:00+00:00,0.0
2018-07-09 00:00:00+00:00,0.00048485423520894493
2018-07-10 00:00:00+00:00,0.0003125751817459257
2018-07-11 00:00:00+00:00,-0.0007368466385246633
2018-07-12 00:00:00+00:00,0.0003923682579981651
2018-07-13 00:00:00+00:00,0.0
2018-07-15 00:00:00+00:00,0.0
2018-07-16 00:00:00+00:00,0.0
2018-07-17 00:00:00+00:00,0.0
2018-07-18 00:00:00+00:00,0.0
2018-07-19 00:00:00+00:00,0.0
2018-07-20 00:00:00+00:00,0.0
2018-07-22 00:00:00+00:00,0.0
2018-07-23 00:00:00+00:00,0.0
2018-07-24 00:00:00+00:00,0.0
2018-07-25 00:00:00+00:00,0.0
2018-07-26 00:00:00+00:00,0.00043098045170237014
2018-07-27 00:00:00+00:00,0.0
2018-07-29 00:00:00+00:00,0.0
2018-07-30 00:00:00+00:00,-0.0002932893054626461
2018-07-31 00:00:00+00:00,-0.000494955933578676
2018-08-01 00:00:00+00:00,0.0016053828659370651
2018-08-02 00:00:00+00:00,0.0006466648011783684
2018-08-03 00:00:00+00:00,0.0003138655750161834
2018-08-06 00:00:00+00:00,0.00035874889914183015
2018-08-07 00:00:00+00:00,0.0
2018-08-08 00:00:00+00:00,0.0
2018-08-09 00:00:00+00:00,0.0
2018-08-10 00:00:00+00:00,0.0
2018-08-13 00:00:00+00:00,0.0
2018-08-14 00:00:00+00:00,0.00029583599998291986
2018-08-15 00:00:00+00:00,-0.0004569141155002265
2018-08-16 00:00:00+00:00,0.0
2018-08-17 00:00:00+00:00,0.0
2018-08-20 00:00:00+00:00,0.0
2018-08-21 00:00:00+00:00,0.0
2018-08-22 00:00:00+00:00,0.0
2018-08-23 00:00:00+00:00,0.0
2018-08-24 00:00:00+00:00,0.0003755033246558823
2018-08-27 00:00:00+00:00,0.0006150630842775299
2018-08-28 00:00:00+00:00,0.00021901317765619688
2018-08-29 00:00:00+00:00,0.0003828416674119414
2018-08-30 00:00:00+00:00,0.0
2018-08-31 00:00:00+00:00,0.0
2018-09-03 00:00:00+00:00,0.0
2018-09-04 00:00:00+00:00,0.0
2018-09-05 00:00:00+00:00,-0.0004044583987116299
2018-09-06 00:00:00+00:00,0.0
2018-09-07 00:00:00+00:00,0.0
2018-09-10 00:00:00+00:00,0.0
2018-09-11 00:00:00+00:00,0.00029565878735635814
2018-09-12 00:00:00+00:00,0.0003965969776485715
2018-09-13 00:00:00+00:00,0.0
2018-09-14 00:00:00+00:00,0.0
2018-09-17 00:00:00+00:00,-0.0006023096069296659
2018-09-18 00:00:00+00:00,0.0
2018-09-19 00:00:00+00:00,0.0
2018-09-20 00:00:00+00:00,0.0
2018-09-21 00:00:00+00:00,0.0
2018-09-24 00:00:00+00:00,0.0
2018-09-25 00:00:00+00:00,0.0
2018-09-26 00:00:00+00:00,0.0
2018-09-27 00:00:00+00:00,0.0006488829915225446
2018-09-28 00:00:00+00:00,0.0
2018-10-01 00:00:00+00:00,0.0010306640439109085
2018-10-02 00:00:00+00:00,0.0
2018-10-03 00:00:00+00:00,0.0
2018-10-04 00:00:00+00:00,0.0
2018-10-05 00:00:00+00:00,0.0
2018-10-07 00:00:00+00:00,0.0
2018-10-08 00:00:00+00:00,0.0
2018-10-09 00:00:00+00:00,0.0
2018-10-10 00:00:00+00:00,-0.00031457450163318684
2018-10-11 00:00:00+00:00,-0.0004045512146809693
2018-10-12 00:00:00+00:00,0.0
2018-10-14 00:00:00+00:00,0.0
2018-10-15 00:00:00+00:00,0.0
2018-10-16 00:00:00+00:00,0.0
2018-10-17 00:00:00+00:00,0.0
2018-10-18 00:00:00+00:00,0.0
2018-10-19 00:00:00+00:00,0.0
2018-10-21 00:00:00+00:00,0.0
2018-10-22 00:00:00+00:00,0.0
2018-10-23 00:00:00+00:00,0.0
2018-10-24 00:00:00+00:00,0.0
2018-10-25 00:00:00+00:00,0.0
2018-10-26 00:00:00+00:00,0.0
2018-10-28 00:00:00+00:00,0.0
2018-10-29 00:00:00+00:00,0.0
2018-10-30 00:00:00+00:00,0.0
2018-10-31 00:00:00+00:00,0.0
2018-11-01 00:00:00+00:00,0.0
2018-11-02 00:00:00+00:00,0.0011839943885802032
2018-11-04 00:00:00+00:00,0.0
2018-11-05 00:00:00+00:00,0.00038487321871245975
2018-11-06 00:00:00+00:00,-0.00015473109860096192
2018-11-07 00:00:00+00:00,0.0024320980498097828
2018-11-08 00:00:00+00:00,0.0005837689080128536
2018-11-09 00:00:00+00:00,-0.00043219838603215845
2018-11-11 00:00:00+00:00,0.0
2018-11-12 00:00:00+00:00,-0.0014050913132976723
2018-11-13 00:00:00+00:00,-0.00016551677577285318
2018-11-14 00:00:00+00:00,-0.0010031914633598074
2018-11-15 00:00:00+00:00,0.0
2018-11-16 00:00:00+00:00,0.0
2018-11-18 00:00:00+00:00,0.0
2018-11-19 00:00:00+00:00,-0.0025955052099319105
2018-11-20 00:00:00+00:00,-0.002573948860082428
2018-11-21 00:00:00+00:00,0.0
2018-11-22 00:00:00+00:00,0.0
2018-11-23 00:00:00+00:00,0.0
2018-11-25 00:00:00+00:00,0.0
2018-11-26 00:00:00+00:00,0.0018398455951655743
2018-11-27 00:00:00+00:00,-0.00016178975971167025
2018-11-28 00:00:00+00:00,0.0037373013481047566
2018-11-29 00:00:00+00:00,0.0
2018-11-30 00:00:00+00:00,0.0006132586702582194
2018-12-02 00:00:00+00:00,0.0
2018-12-03 00:00:00+00:00,0.0012044913479136508
2018-12-04 00:00:00+00:00,-0.0012490050836357486
2018-12-05 00:00:00+00:00,-0.0005188047530577533
2018-12-06 00:00:00+00:00,-0.0008936247002755377
2018-12-07 00:00:00+00:00,-0.0008540612960733079
2018-12-09 00:00:00+00:00,0.0
2018-12-10 00:00:00+00:00,-0.0005790320300016802
2018-12-11 00:00:00+00:00,0.0011781688766324832
2018-12-12 00:00:00+00:00,0.000851715326656791
2018-12-13 00:00:00+00:00,-0.00023424949646444547
2018-12-14 00:00:00+00:00,-0.001732089619234769
2018-12-16 00:00:00+00:00,0.0
2018-12-17 00:00:00+00:00,-0.00143961066962314
2018-12-18 00:00:00+00:00,-0.0007137086973240304
2018-12-19 00:00:00+00:00,-0.0007273125752561021
2018-12-20 00:00:00+00:00,-0.0025654938736393742
2018-12-21 00:00:00+00:00,-0.0014725073561048722
2018-12-23 00:00:00+00:00,0.0
2018-12-24 00:00:00+00:00,-0.002093441575432762
2018-12-25 00:00:00+00:00,0.0
2018-12-26 00:00:00+00:00,0.003284327722688702
2018-12-27 00:00:00+00:00,-0.00025794438321129795
2018-12-28 00:00:00+00:00,0.0010217683938667222
2018-12-30 00:00:00+00:00,0.0
2018-12-31 00:00:00+00:00,0.0010653120764976946
2019-01-01 00:00:00+00:00,0.0
2019-01-02 00:00:00+00:00,-0.0031232989686206525
2019-01-03 00:00:00+00:00,-0.0020224552022548494
2019-01-04 00:00:00+00:00,0.0033763895198005308
2019-01-06 00:00:00+00:00,0.0
2019-01-07 00:00:00+00:00,0.0014546336058859298
2019-01-08 00:00:00+00:00,0.0010833974977938283
2019-01-09 00:00:00+00:00,0.00047734103060075375
2019-01-10 00:00:00+00:00,-0.0003063628420564142
2019-01-11 00:00:00+00:00,0.0005428773960628468
2019-01-13 00:00:00+00:00,0.0
2019-01-14 00:00:00+00:00,-0.0015484724735805825
2019-01-15 00:00:00+00:00,0.0013763672587975076
2019-01-16 00:00:00+00:00,0.0003651702356874751
2019-01-17 00:00:00+00:00,0.0006074003688808521
2019-01-18 00:00:00+00:00,0.00195640886240831
2019-01-20 00:00:00+00:00,0.0
2019-01-21 00:00:00+00:00,0.0
2019-01-22 00:00:00+00:00,-0.0007411636921234428
2019-01-23 00:00:00+00:00,0.00039332315396987803
2019-01-24 00:00:00+00:00,0.0
2019-01-25 00:00:00+00:00,0.0014197277634136023
2019-01-27 00:00:00+00:00,0.0
2019-01-28 00:00:00+00:00,0.0
2019-01-29 00:00:00+00:00,-0.00025950439520076
2019-01-30 00:00:00+00:00,0.001572502927668055
2019-01-31 00:00:00+00:00,0.00162184921701343
2019-02-01 00:00:00+00:00,0.0024850045213859304
2019-02-03 00:00:00+00:00,0.0
2019-02-04 00:00:00+00:00,0.0005169447937736752
2019-02-05 00:00:00+00:00,0.003061446780485659
2019-02-06 00:00:00+00:00,0.0
2019-02-07 00:00:00+00:00,0.00048418498368579333
2019-02-08 00:00:00+00:00,0.0
2019-02-10 00:00:00+00:00,0.0
2019-02-11 00:00:00+00:00,0.00047530480184894663
2019-02-12 00:00:00+00:00,0.0018242640829687897
2019-02-13 00:00:00+00:00,0.001038408057067938
2019-02-14 00:00:00+00:00,-0.000505805049549015
2019-02-15 00:00:00+00:00,0.00032282927919531255
2019-02-17 00:00:00+00:00,0.0
2019-02-18 00:00:00+00:00,0.0
2019-02-19 00:00:00+00:00,0.00041794598434625877
2019-02-20 00:00:00+00:00,0.0005730830392971018
2019-02-21 00:00:00+00:00,0.0
2019-02-22 00:00:00+00:00,0.0007196451789202513
2019-02-24 00:00:00+00:00,0.0
2019-02-25 00:00:00+00:00,0.0
2019-02-26 00:00:00+00:00,-0.000363268129285459
2019-02-27 00:00:00+00:00,0.00021743677787007358
2019-02-28 00:00:00+00:00,-0.000585102546862334
2019-03-01 00:00:00+00:00,0.0029502377431900664
2019-03-03 00:00:00+00:00,0.0
2019-03-04 00:00:00+00:00,0.0
2019-03-05 00:00:00+00:00,0.0
2019-03-06 00:00:00+00:00,0.0
2019-03-07 00:00:00+00:00,0.0
2019-03-08 00:00:00+00:00,0.0
2019-03-10 00:00:00+00:00,0.0
2019-03-11 00:00:00+00:00,0.0
2019-03-12 00:00:00+00:00,0.0
2019-03-13 00:00:00+00:00,0.0003759517448988094
2019-03-14 00:00:00+00:00,0.0
2019-03-15 00:00:00+00:00,0.0
2019-03-17 00:00:00+00:00,0.0
2019-03-18 00:00:00+00:00,0.0
2019-03-19 00:00:00+00:00,0.000599599850516568
2019-03-20 00:00:00+00:00,-0.0001400111881958401
2019-03-21 00:00:00+00:00,0.00044352206941263245
2019-03-22 00:00:00+00:00,-0.0008006542135771836
2019-03-24 00:00:00+00:00,0.0
2019-03-25 00:00:00+00:00,0.00040763841409286676
2019-03-26 00:00:00+00:00,0.00041057427312893963
2019-03-27 00:00:00+00:00,0.0
2019-03-28 00:00:00+00:00,0.0
2019-03-29 00:00:00+00:00,0.0005087327521750331
2019-03-31 00:00:00+00:00,0.0
2019-04-01 00:00:00+00:00,0.0014025399662108637
2019-04-02 00:00:00+00:00,0.0
2019-04-03 00:00:00+00:00,0.0
2019-04-04 00:00:00+00:00,0.0
2019-04-05 00:00:00+00:00,0.0
2019-04-07 00:00:00+00:00,0.0
2019-04-08 00:00:00+00:00,0.0
2019-04-09 00:00:00+00:00,0.0
2019-04-10 00:00:00+00:00,0.0
2019-04-11 00:00:00+00:00,0.0
2019-04-12 00:00:00+00:00,0.0
2019-04-14 00:00:00+00:00,0.0
2019-04-15 00:00:00+00:00,0.0
2019-04-16 00:00:00+00:00,0.0
2019-04-17 00:00:00+00:00,0.0
2019-04-18 00:00:00+00:00,0.0
2019-04-19 00:00:00+00:00,0.0
2019-04-21 00:00:00+00:00,0.0
2019-04-22 00:00:00+00:00,0.0
2019-04-23 00:00:00+00:00,0.0
2019-04-24 00:00:00+00:00,0.0
2019-04-25 00:00:00+00:00,0.0
2019-04-26 00:00:00+00:00,0.0004783969083616016
2019-04-28 00:00:00+00:00,0.0
2019-04-29 00:00:00+00:00,0.0
2019-04-30 00:00:00+00:00,0.0
2019-05-01 00:00:00+00:00,0.0017126577988259427
2019-05-02 00:00:00+00:00,0.0006195076374030822
2019-05-03 00:00:00+00:00,0.0
2019-05-05 00:00:00+00:00,0.0
2019-05-06 00:00:00+00:00,0.0
2019-05-07 00:00:00+00:00,0.0
2019-05-08 00:00:00+00:00,0.0
2019-05-09 00:00:00+00:00,0.0
2019-05-10 00:00:00+00:00,0.0
2019-05-12 00:00:00+00:00,0.0
2019-05-13 00:00:00+00:00,0.0
2019-05-14 00:00:00+00:00,0.0
2019-05-15 00:00:00+00:00,0.0
2019-05-16 00:00:00+00:00,0.0
2019-05-17 00:00:00+00:00,0.0
2019-05-19 00:00:00+00:00,0.0
2019-05-20 00:00:00+00:00,0.0
2019-05-21 00:00:00+00:00,0.0
2019-05-22 00:00:00+00:00,0.0
2019-05-23 00:00:00+00:00,0.0
2019-05-24 00:00:00+00:00,0.0
2019-05-26 00:00:00+00:00,0.0
2019-05-27 00:00:00+00:00,0.0
2019-05-28 00:00:00+00:00,0.0
2019-05-29 00:00:00+00:00,0.0
2019-05-30 00:00:00+00:00,0.0
2019-05-31 00:00:00+00:00,0.0
2019-06-02 00:00:00+00:00,0.0
2019-06-03 00:00:00+00:00,-0.0012499413597621626
2019-06-04 00:00:00+00:00,0.0005330716180764405
2019-06-05 00:00:00+00:00,0.0
2019-06-06 00:00:00+00:00,0.0
2019-06-07 00:00:00+00:00,0.00040890999243053293
2019-06-09 00:00:00+00:00,0.0
2019-06-10 00:00:00+00:00,0.0003695788491787304
2019-06-11 00:00:00+00:00,0.0
2019-06-12 00:00:00+00:00,0.0
2019-06-13 00:00:00+00:00,0.0
2019-06-14 00:00:00+00:00,0.0
2019-06-16 00:00:00+00:00,0.0
2019-06-17 00:00:00+00:00,0.0
2019-06-18 00:00:00+00:00,0.0
2019-06-19 00:00:00+00:00,0.0
2019-06-20 00:00:00+00:00,0.0
2019-06-21 00:00:00+00:00,0.0
2019-06-23 00:00:00+00:00,0.0
2019-06-24 00:00:00+00:00,0.0
2019-06-25 00:00:00+00:00,0.0
2019-06-26 00:00:00+00:00,0.0
2019-06-27 00:00:00+00:00,0.0
2019-06-28 00:00:00+00:00,0.0
2019-06-30 00:00:00+00:00,0.0
2019-07-01 00:00:00+00:00,0.0
2019-07-02 00:00:00+00:00,0.0
2019-07-03 00:00:00+00:00,0.0
2019-07-04 00:00:00+00:00,0.0
2019-07-05 00:00:00+00:00,0.0
2019-07-07 00:00:00+00:00,0.0
2019-07-08 00:00:00+00:00,0.0
2019-07-09 00:00:00+00:00,0.0
2019-07-10 00:00:00+00:00,0.0
2019-07-11 00:00:00+00:00,-0.0003630025657583407
2019-07-12 00:00:00+00:00,0.0
2019-07-14 00:00:00+00:00,0.0
2019-07-15 00:00:00+00:00,0.0
2019-07-16 00:00:00+00:00,0.0
2019-07-17 00:00:00+00:00,0.0
2019-07-18 00:00:00+00:00,0.0
2019-07-19 00:00:00+00:00,0.0
2019-07-21 00:00:00+00:00,0.0
2019-07-22 00:00:00+00:00,0.0
2019-07-23 00:00:00+00:00,0.0
2019-07-24 00:00:00+00:00,0.0
2019-07-25 00:00:00+00:00,0.0
2019-07-26 00:00:00+00:00,0.0
2019-07-28 00:00:00+00:00,0.0
2019-07-29 00:00:00+00:00,0.0
2019-07-30 00:00:00+00:00,0.0
2019-07-31 00:00:00+00:00,0.0
2019-08-01 00:00:00+00:00,0.0
2019-08-02 00:00:00+00:00,0.0
2019-08-04 00:00:00+00:00,0.0
2019-08-05 00:00:00+00:00,-0.0005851482968079754
2019-08-06 00:00:00+00:00,0.0
2019-08-07 00:00:00+00:00,0.0
2019-08-08 00:00:00+00:00,0.0003959885706490471
2019-08-09 00:00:00+00:00,0.0
2019-08-11 00:00:00+00:00,0.0
2019-08-12 00:00:00+00:00,0.0
2019-08-13 00:00:00+00:00,0.0003142299115998967
2019-08-14 00:00:00+00:00,-0.0003361565860238981
2019-08-15 00:00:00+00:00,0.0
2019-08-16 00:00:00+00:00,0.0
2019-08-18 00:00:00+00:00,0.0
2019-08-19 00:00:00+00:00,0.0
2019-08-20 00:00:00+00:00,0.0
2019-08-21 00:00:00+00:00,0.0
2019-08-22 00:00:00+00:00,0.0
2019-08-23 00:00:00+00:00,-0.0006357121580541199
2019-08-25 00:00:00+00:00,0.0
2019-08-26 00:00:00+00:00,0.0
2019-08-27 00:00:00+00:00,-0.00042009706126208625
2019-08-28 00:00:00+00:00,0.00028499225592510383
2019-08-29 00:00:00+00:00,0.0
2019-08-30 00:00:00+00:00,0.0
2019-09-01 00:00:00+00:00,0.0
2019-09-02 00:00:00+00:00,0.0007830019467540946
2019-09-03 00:00:00+00:00,0.002273291296852314
2019-09-04 00:00:00+00:00,0.001970235552935571
2019-09-05 00:00:00+00:00,0.0023164628910198977
2019-09-06 00:00:00+00:00,0.0
2019-09-08 00:00:00+00:00,0.0
2019-09-09 00:00:00+00:00,0.0006509508285320613
2019-09-10 00:00:00+00:00,0.0006064573381294343
2019-09-11 00:00:00+00:00,0.0016722747332353631
2019-09-12 00:00:00+00:00,0.0
2019-09-13 00:00:00+00:00,0.0007072468386964845
2019-09-15 00:00:00+00:00,0.0
2019-09-16 00:00:00+00:00,-0.0007340522255761534
2019-09-17 00:00:00+00:00,-0.0006872724159827698
2019-09-18 00:00:00+00:00,0.0004918166405288117
2019-09-19 00:00:00+00:00,0.0009598428197716691
2019-09-20 00:00:00+00:00,0.00029944919826151097
2019-09-22 00:00:00+00:00,0.0
2019-09-23 00:00:00+00:00,-0.0006329565703926911
2019-09-24 00:00:00+00:00,-0.0007424528399079123
2019-09-25 00:00:00+00:00,0.0
2019-09-26 00:00:00+00:00,0.0
2019-09-27 00:00:00+00:00,0.0
2019-09-29 00:00:00+00:00,0.0
2019-09-30 00:00:00+00:00,0.0009696944718649062
2019-10-01 00:00:00+00:00,0.004044910078713046
2019-10-02 00:00:00+00:00,-0.0025394428354123737
2019-10-03 00:00:00+00:00,0.0
2019-10-04 00:00:00+00:00,0.0012374534354248276
2019-10-06 00:00:00+00:00,0.0
2019-10-07 00:00:00+00:00,0.0006452013390845435
2019-10-08 00:00:00+00:00,-0.0011535909948435891
2019-10-09 00:00:00+00:00,0.0003809106002006755
2019-10-10 00:00:00+00:00,0.0019738830467024176
2019-10-11 00:00:00+00:00,0.002454604718503121
2019-10-13 00:00:00+00:00,0.0
2019-10-14 00:00:00+00:00,0.0
2019-10-15 00:00:00+00:00,0.0020451414329889944
2019-10-16 00:00:00+00:00,0.0
2019-10-17 00:00:00+00:00,0.0
2019-10-18 00:00:00+00:00,0.0
2019-10-20 00:00:00+00:00,0.0
2019-10-21 00:00:00+00:00,0.0013398162097054832
2019-10-22 00:00:00+00:00,-0.0007090573735696386
2019-10-23 00:00:00+00:00,-0.0005156001529792647
2019-10-24 00:00:00+00:00,0.0
2019-10-25 00:00:00+00:00,0.0012070487830855429
2019-10-27 00:00:00+00:00,0.0
2019-10-28 00:00:00+00:00,0.0
2019-10-29 00:00:00+00:00,-0.0006855775472747112
2019-10-30 00:00:00+00:00,0.000323147132456679
2019-10-31 00:00:00+00:00,0.0
2019-11-01 00:00:00+00:00,0.0027836039279787663
2019-11-03 00:00:00+00:00,0.0
2019-11-04 00:00:00+00:00,0.0004470890927729073
2019-11-05 00:00:00+00:00,0.00048034726727982555
2019-11-06 00:00:00+00:00,0.0
2019-11-07 00:00:00+00:00,0.0004652607882736791
2019-11-08 00:00:00+00:00,0.0
2019-11-10 00:00:00+00:00,0.0
2019-11-11 00:00:00+00:00,-0.0007339925295898352
2019-11-12 00:00:00+00:00,0.00037794077531069943
2019-11-13 00:00:00+00:00,-0.00013733324320644422
2019-11-14 00:00:00+00:00,0.00036399135835172945
2019-11-15 00:00:00+00:00,0.0009568393264466837
2019-11-17 00:00:00+00:00,0.0
2019-11-18 00:00:00+00:00,0.0
2019-11-19 00:00:00+00:00,0.0007719575235758004
2019-11-20 00:00:00+00:00,-0.0007985382658510594
2019-11-21 00:00:00+00:00,-0.000683263158670585
2019-11-22 00:00:00+00:00,0.0005182577297230723
2019-11-24 00:00:00+00:00,0.0
2019-11-25 00:00:00+00:00,0.0008509924902436485
2019-11-26 00:00:00+00:00,0.0009731673037300053
2019-11-27 00:00:00+00:00,0.0007424669610351214
2019-11-28 00:00:00+00:00,0.00016648334173261008
2019-11-29 00:00:00+00:00,-0.0004536355741074504
2019-12-01 00:00:00+00:00,0.0006717734473946794
2019-12-02 00:00:00+00:00,0.0
2019-12-03 00:00:00+00:00,-0.000745254050014857
2019-12-04 00:00:00+00:00,0.001250607025549564
2019-12-05 00:00:00+00:00,-0.0005852105262998599
2019-12-06 00:00:00+00:00,0.0011831759617616509
2019-12-08 00:00:00+00:00,0.0
2019-12-09 00:00:00+00:00,0.0
2019-12-10 00:00:00+00:00,0.0
2019-12-11 00:00:00+00:00,0.0
2019-12-12 00:00:00+00:00,0.001498098946548276
2019-12-13 00:00:00+00:00,0.0
2019-12-15 00:00:00+00:00,0.0
2019-12-16 00:00:00+00:00,0.0007070902024623265
2019-12-17 00:00:00+00:00,0.00037906947861079525
2019-12-18 00:00:00+00:00,0.0
2019-12-19 00:00:00+00:00,0.0
2019-12-20 00:00:00+00:00,0.0
2019-12-22 00:00:00+00:00,0.0
2019-12-23 00:00:00+00:00,0.0
2019-12-24 00:00:00+00:00,0.00036545571883194475
2019-12-25 00:00:00+00:00,0.0
2019-12-26 00:00:00+00:00,0.0
2019-12-27 00:00:00+00:00,0.0
2019-12-29 00:00:00+00:00,0.0
2019-12-30 00:00:00+00:00,0.0
2019-12-31 00:00:00+00:00,0.0003834208491773395
2020-01-01 00:00:00+00:00,0.0
2020-01-02 00:00:00+00:00,0.0023553600011387093
2020-01-03 00:00:00+00:00,-0.0005851428876139698
2020-01-05 00:00:00+00:00,0.0
2020-01-06 00:00:00+00:00,0.0
2020-01-07 00:00:00+00:00,0.0
2020-01-08 00:00:00+00:00,0.00030274084970067063
2020-01-09 00:00:00+00:00,0.0006469442226247528
2020-01-10 00:00:00+00:00,0.0
2020-01-12 00:00:00+00:00,0.0
2020-01-13 00:00:00+00:00,0.0
2020-01-14 00:00:00+00:00,0.0003063171442966067
2020-01-15 00:00:00+00:00,-0.0003055886073240622
2020-01-16 00:00:00+00:00,0.0009462060228133275
2020-01-17 00:00:00+00:00,0.00033807606383970846
2020-01-19 00:00:00+00:00,0.0
2020-01-20 00:00:00+00:00,-0.0002716179365544353
2020-01-21 00:00:00+00:00,-0.0005376182297004048
2020-01-22 00:00:00+00:00,0.00045967461013197525
2020-01-23 00:00:00+00:00,-0.0004585754222835233
2020-01-24 00:00:00+00:00,-0.0005409631305505718
2020-01-26 00:00:00+00:00,0.0
2020-01-27 00:00:00+00:00,-0.0012293990956809605
2020-01-28 00:00:00+00:00,0.0005772110842904746
2020-01-29 00:00:00+00:00,-0.00026810302575884157
2020-01-30 00:00:00+00:00,-0.000290808654204354
2020-01-31 00:00:00+00:00,-0.0014115646387218236
2020-02-02 00:00:00+00:00,0.0
2020-02-03 00:00:00+00:00,0.0005464435324719267
2020-02-04 00:00:00+00:00,0.0006452079905106956
2020-02-05 00:00:00+00:00,0.00041733581702483945
2020-02-06 00:00:00+00:00,0.0
2020-02-07 00:00:00+00:00,0.0
2020-02-09 00:00:00+00:00,0.0
2020-02-10 00:00:00+00:00,0.0
2020-02-11 00:00:00+00:00,0.0
2020-02-12 00:00:00+00:00,0.0
2020-02-13 00:00:00+00:00,0.0
2020-02-14 00:00:00+00:00,0.0
2020-02-16 00:00:00+00:00,0.0
2020-02-17 00:00:00+00:00,0.0
2020-02-18 00:00:00+00:00,0.0
2020-02-19 00:00:00+00:00,0.0
2020-02-20 00:00:00+00:00,0.0
2020-02-21 00:00:00+00:00,0.0
2020-02-23 00:00:00+00:00,0.0
2020-02-24 00:00:00+00:00,-0.001029232521361718
2020-02-25 00:00:00+00:00,-0.00048011914788826456
2020-02-26 00:00:00+00:00,0.0
2020-02-27 00:00:00+00:00,-0.0010155182409633575
2020-02-28 00:00:00+00:00,-0.0010146876104254491
2020-03-01 00:00:00+00:00,0.0
2020-03-02 00:00:00+00:00,-0.0004958570509751336
2020-03-03 00:00:00+00:00,0.0
2020-03-04 00:00:00+00:00,0.0005674817232390902
2020-03-05 00:00:00+00:00,0.0
2020-03-06 00:00:00+00:00,0.0
2020-03-08 00:00:00+00:00,0.0
2020-03-09 00:00:00+00:00,-0.00047340046906783017
2020-03-10 00:00:00+00:00,0.00039027618756969334
2020-03-11 00:00:00+00:00,0.0
2020-03-12 00:00:00+00:00,0.0
2020-03-13 00:00:00+00:00,0.0
2020-03-15 00:00:00+00:00,0.0
2020-03-16 00:00:00+00:00,0.0
2020-03-17 00:00:00+00:00,0.0006040325835259001
2020-03-18 00:00:00+00:00,-0.0011222920490557714
2020-03-19 00:00:00+00:00,0.0006444161856010277
2020-03-20 00:00:00+00:00,0.0
2020-03-22 00:00:00+00:00,0.0
2020-03-23 00:00:00+00:00,0.0
2020-03-24 00:00:00+00:00,0.002092737328282731
2020-03-25 00:00:00+00:00,0.0003766366711411399
2020-03-26 00:00:00+00:00,0.00033681668285285654
2020-03-27 00:00:00+00:00,-0.0007563766328258085
2020-03-29 00:00:00+00:00,0.0
2020-03-30 00:00:00+00:00,0.0
2020-03-31 00:00:00+00:00,0.0
2020-04-01 00:00:00+00:00,-0.0015025508241250291
2020-04-02 00:00:00+00:00,0.0009501005582937645
2020-04-03 00:00:00+00:00,0.0
2020-04-05 00:00:00+00:00,0.0
2020-04-06 00:00:00+00:00,0.0021630793277056227
2020-04-07 00:00:00+00:00,0.001022117611322544
2020-04-08 00:00:00+00:00,0.002153063276568385
2020-04-09 00:00:00+00:00,0.0008426851951657313
2020-04-10 00:00:00+00:00,0.0
2020-04-12 00:00:00+00:00,0.0
2020-04-13 00:00:00+00:00,-0.0006844982732972921
2020-04-14 00:00:00+00:00,0.0012342789058159295
2020-04-15 00:00:00+00:00,-0.0012576733862905564
2020-04-16 00:00:00+00:00,-0.00034229798669431906
2020-04-17 00:00:00+00:00,0.0022771383921840805
2020-04-19 00:00:00+00:00,0.0
2020-04-20 00:00:00+00:00,-0.00047798609603111255
2020-04-21 00:00:00+00:00,-0.0013044619808411746
2020-04-22 00:00:00+00:00,0.0
2020-04-23 00:00:00+00:00,0.00102681675470596
2020-04-24 00:00:00+00:00,0.0008536741516241214
2020-04-26 00:00:00+00:00,0.0
2020-04-27 00:00:00+00:00,0.0006368506741230604
2020-04-28 00:00:00+00:00,0.0
2020-04-29 00:00:00+00:00,0.0014737124972782768
2020-04-30 00:00:00+00:00,-0.0004905501161580665
2020-05-01 00:00:00+00:00,0.0
2020-05-03 00:00:00+00:00,0.0
2020-05-04 00:00:00+00:00,-0.0002682497702074105
2020-05-05 00:00:00+00:00,0.0007893364317172475
2020-05-06 00:00:00+00:00,0.0
2020-05-07 00:00:00+00:00,0.0
2020-05-08 00:00:00+00:00,0.0
2020-05-10 00:00:00+00:00,0.0
2020-05-11 00:00:00+00:00,0.0
2020-05-12 00:00:00+00:00,0.0
2020-05-13 00:00:00+00:00,0.0
2020-05-14 00:00:00+00:00,0.0
2020-05-15 00:00:00+00:00,0.0
2020-05-17 00:00:00+00:00,0.0
2020-05-18 00:00:00+00:00,0.0
2020-05-19 00:00:00+00:00,0.0
2020-05-20 00:00:00+00:00,0.0
2020-05-21 00:00:00+00:00,0.0
2020-05-22 00:00:00+00:00,0.0
2020-05-24 00:00:00+00:00,0.0
2020-05-25 00:00:00+00:00,0.0
2020-05-26 00:00:00+00:00,0.0
2020-05-27 00:00:00+00:00,0.0
2020-05-28 00:00:00+00:00,0.0
2020-05-29 00:00:00+00:00,0.0
2020-05-31 00:00:00+00:00,0.0
2020-06-01 00:00:00+00:00,0.0006163147435771371
2020-06-02 00:00:00+00:00,0.0014814747760728672
2020-06-03 00:00:00+00:00,0.0
2020-06-04 00:00:00+00:00,0.0
2020-06-05 00:00:00+00:00,0.00038151592240680385
2020-06-07 00:00:00+00:00,0.0
2020-06-08 00:00:00+00:00,0.0003318789250109694
2020-06-09 00:00:00+00:00,-0.0003468314836299526
2020-06-10 00:00:00+00:00,-0.00023508765017575935
2020-06-11 00:00:00+00:00,-0.0005854442039435736
2020-06-12 00:00:00+00:00,0.0
2020-06-14 00:00:00+00:00,0.0
2020-06-15 00:00:00+00:00,0.0
2020-06-16 00:00:00+00:00,0.0
2020-06-17 00:00:00+00:00,0.0
2020-06-18 00:00:00+00:00,0.0
2020-06-19 00:00:00+00:00,0.0
2020-06-21 00:00:00+00:00,0.0
2020-06-22 00:00:00+00:00,0.0
2020-06-23 00:00:00+00:00,0.0
2020-06-24 00:00:00+00:00,-0.0004127019283287032
2020-06-25 00:00:00+00:00,0.0
2020-06-26 00:00:00+00:00,0.0
2020-06-28 00:00:00+00:00,0.0
2020-06-29 00:00:00+00:00,0.0
2020-06-30 00:00:00+00:00,0.0
2020-07-01 00:00:00+00:00,0.010872113004370665
2020-07-02 00:00:00+00:00,0.002204856180915367
2020-07-03 00:00:00+00:00,-0.0008159192091563754
2020-07-05 00:00:00+00:00,0.0
2020-07-06 00:00:00+00:00,0.002399348959686125
2020-07-07 00:00:00+00:00,-0.0011222230647641742
2020-07-08 00:00:00+00:00,0.00026320634065224365
2020-07-09 00:00:00+00:00,-0.001018814977694378
2020-07-10 00:00:00+00:00,0.0014544624253056016
2020-07-12 00:00:00+00:00,0.0
2020-07-13 00:00:00+00:00,-0.0003109476228477152
2020-07-14 00:00:00+00:00,0.0004178918687035234
2020-07-15 00:00:00+00:00,0.00217848387916818
2020-07-16 00:00:00+00:00,0.00046919865261099534
2020-07-17 00:00:00+00:00,0.0012990246168881263
2020-07-19 00:00:00+00:00,0.0
2020-07-20 00:00:00+00:00,0.0003442022531212771
2020-07-21 00:00:00+00:00,0.0007834355074955132
2020-07-22 00:00:00+00:00,0.0
2020-07-23 00:00:00+00:00,0.0
2020-07-24 00:00:00+00:00,-0.0027433854864812976
2020-07-26 00:00:00+00:00,0.0
2020-07-27 00:00:00+00:00,0.0016558800980842746
2020-07-28 00:00:00+00:00,0.00028471224282134973
2020-07-29 00:00:00+00:00,0.002141360067972686
2020-07-30 00:00:00+00:00,-0.003388942671040062
2020-07-31 00:00:00+00:00,0.0
2020-08-01 00:00:00+00:00,0.0
2020-08-02 00:00:00+00:00,0.0
2020-08-03 00:00:00+00:00,0.0038147342095596667
2020-08-04 00:00:00+00:00,-0.000838592338784487
2020-08-05 00:00:00+00:00,0.0025846030089798173
2020-08-06 00:00:00+00:00,0.0006680289690842549
2020-08-07 00:00:00+00:00,0.0017943614049448192
2020-08-08 00:00:00+00:00,0.0
2020-08-09 00:00:00+00:00,0.0
2020-08-10 00:00:00+00:00,0.0013675356403648933
2020-08-11 00:00:00+00:00,0.0006356718913358845
2020-08-12 00:00:00+00:00,0.0019237004160607152
2020-08-13 00:00:00+00:00,-0.0012359158329849885
2020-08-14 00:00:00+00:00,-0.0005043538425142042
2020-08-15 00:00:00+00:00,0.0
2020-08-16 00:00:00+00:00,0.0
2020-08-17 00:00:00+00:00,0.0004241614471503315
2020-08-18 00:00:00+00:00,-0.0007438932295472473
2020-08-19 00:00:00+00:00,-0.00047672652882198557
2020-08-20 00:00:00+00:00,-0.0015502570528597894
2020-08-21 00:00:00+00:00,0.0
2020-08-22 00:00:00+00:00,0.0
2020-08-23 00:00:00+00:00,0.0
2020-08-24 00:00:00+00:00,0.0018718392750320845
2020-08-25 00:00:00+00:00,0.0
2020-08-26 00:00:00+00:00,0.0
2020-08-27 00:00:00+00:00,0.0004370652400512557
2020-08-28 00:00:00+00:00,0.0
2020-08-29 00:00:00+00:00,0.0
2020-08-30 00:00:00+00:00,0.0
2020-08-31 00:00:00+00:00,-0.0010808041433376656
2020-09-01 00:00:00+00:00,0.0
2020-09-02 00:00:00+00:00,0.0016286998892994738
2020-09-03 00:00:00+00:00,-0.0013981399036927808
2020-09-04 00:00:00+00:00,0.0
2020-09-06 00:00:00+00:00,0.0
2020-09-07 00:00:00+00:00,0.0007866050577630127
2020-09-08 00:00:00+00:00,-0.0010458720663886212
2020-09-09 00:00:00+00:00,0.0015579206603591727
2020-09-10 00:00:00+00:00,-0.0006606014121203115
2020-09-11 00:00:00+00:00,0.0
2020-09-13 00:00:00+00:00,0.0
2020-09-14 00:00:00+00:00,0.0
2020-09-15 00:00:00+00:00,0.0
2020-09-16 00:00:00+00:00,0.0005051917143595467
2020-09-17 00:00:00+00:00,0.00024693927869778095
2020-09-18 00:00:00+00:00,-0.0007728839945668307
2020-09-20 00:00:00+00:00,0.0
2020-09-21 00:00:00+00:00,-0.0013088783739856691
2020-09-22 00:00:00+00:00,0.0009434298636828542
2020-09-23 00:00:00+00:00,0.0
2020-09-24 00:00:00+00:00,-0.0009333967662547648
2020-09-25 00:00:00+00:00,0.0
2020-09-27 00:00:00+00:00,0.0
2020-09-28 00:00:00+00:00,0.002453349267910327
2020-09-29 00:00:00+00:00,-0.0007025238024462176
2020-09-30 00:00:00+00:00,-0.0002822901051132277
2020-10-01 00:00:00+00:00,0.003654958921407173
2020-10-02 00:00:00+00:00,-0.000637000518541474
2020-10-04 00:00:00+00:00,0.0
2020-10-05 00:00:00+00:00,0.0014195219189639852
2020-10-06 00:00:00+00:00,-0.0003075942575289959
2020-10-07 00:00:00+00:00,0.0005343157344225181
2020-10-08 00:00:00+00:00,0.0010263282614431293
2020-10-09 00:00:00+00:00,0.0
2020-10-11 00:00:00+00:00,0.0
2020-10-12 00:00:00+00:00,0.0009192820616597347
2020-10-13 00:00:00+00:00,-0.0005728432236789296
2020-10-14 00:00:00+00:00,0.0003383217745719336
2020-10-15 00:00:00+00:00,-0.0003959005749853461
2020-10-16 00:00:00+00:00,0.0008126819179868696
2020-10-18 00:00:00+00:00,0.0
2020-10-19 00:00:00+00:00,-0.0005965704903734014
2020-10-20 00:00:00+00:00,0.0
2020-10-21 00:00:00+00:00,-0.0004525792845786747
2020-10-22 00:00:00+00:00,0.00045742455104466655
2020-10-23 00:00:00+00:00,0.0
2020-10-25 00:00:00+00:00,0.0
2020-10-26 00:00:00+00:00,-0.0012198568297180966
2020-10-27 00:00:00+00:00,-0.001031770039611539
2020-10-28 00:00:00+00:00,-0.002665359479707292
2020-10-29 00:00:00+00:00,0.0006117951495144616
2020-10-30 00:00:00+00:00,0.0
2020-11-01 00:00:00+00:00,0.0
2020-11-02 00:00:00+00:00,-0.0003602185756099636
2020-11-03 00:00:00+00:00,0.0011088697965753154
2020-11-04 00:00:00+00:00,0.0004397958239775383
2020-11-05 00:00:00+00:00,0.0014614570468286065
2020-11-06 00:00:00+00:00,0.0
2020-11-08 00:00:00+00:00,0.0
2020-11-09 00:00:00+00:00,0.00388989707172588
2020-11-10 00:00:00+00:00,0.000538019339387506
2020-11-11 00:00:00+00:00,0.00029515331001335124
2020-11-12 00:00:00+00:00,-0.0012974923734126586
2020-11-13 00:00:00+00:00,0.0021551326965262014
2020-11-15 00:00:00+00:00,0.0
2020-11-16 00:00:00+00:00,0.0019150254963955537
2020-11-17 00:00:00+00:00,-0.0002553722097084305
2020-11-18 00:00:00+00:00,0.0012102867417530384
2020-11-19 00:00:00+00:00,-0.0004721856793835619
2020-11-20 00:00:00+00:00,0.0
2020-11-22 00:00:00+00:00,0.0
2020-11-23 00:00:00+00:00,0.00228802402397053
2020-11-24 00:00:00+00:00,0.003399361258972947
2020-11-25 00:00:00+00:00,-0.0010721382358616783
2020-11-26 00:00:00+00:00,-0.00046546969120356025
2020-11-27 00:00:00+00:00,0.0
2020-11-29 00:00:00+00:00,0.0
2020-11-30 00:00:00+00:00,-0.0009880548912807856
2020-12-01 00:00:00+00:00,0.0030911683770466583
2020-12-02 00:00:00+00:00,0.00034045891834072245
2020-12-03 00:00:00+00:00,0.0005521194315014348
2020-12-04 00:00:00+00:00,0.0007807640582629855
2020-12-07 00:00:00+00:00,-0.00031203133422048397
2020-12-08 00:00:00+00:00,0.0
2020-12-09 00:00:00+00:00,0.0
2020-12-10 00:00:00+00:00,0.0
2020-12-11 00:00:00+00:00,-0.00042135269790440267
2020-12-14 00:00:00+00:00,0.0
2020-12-15 00:00:00+00:00,0.0005835998157171173
2020-12-16 00:00:00+00:00,-0.00025360827617614424
2020-12-17 00:00:00+00:00,0.00019443908184327508
2020-12-18 00:00:00+00:00,-0.0002868653627314921
2020-12-21 00:00:00+00:00,-0.000694187077801139
2020-12-22 00:00:00+00:00,0.0
2020-12-23 00:00:00+00:00,0.0
2020-12-24 00:00:00+00:00,0.0
2020-12-28 00:00:00+00:00,0.0
2020-12-29 00:00:00+00:00,0.0
2020-12-30 00:00:00+00:00,0.0005295457569988503
2020-12-31 00:00:00+00:00,-0.0001723270273566942
2021-01-04 00:00:00+00:00,0.0018376371956290321
2021-01-05 00:00:00+00:00,0.0
2021-01-06 00:00:00+00:00,0.002279461357036798
2021-01-07 00:00:00+00:00,0.0009864785633478736
2021-01-08 00:00:00+00:00,0.0
2021-01-11 00:00:00+00:00,-0.00035190048296275165
2021-01-12 00:00:00+00:00,0.0009342969311033043
2021-01-13 00:00:00+00:00,-0.0005063412924914285
2021-01-14 00:00:00+00:00,0.0014374168292503623
2021-01-15 00:00:00+00:00,-0.0014451845789127341
2021-01-18 00:00:00+00:00,0.0
2021-01-19 00:00:00+00:00,0.0
2021-01-20 00:00:00+00:00,0.0
2021-01-21 00:00:00+00:00,0.0
2021-01-22 00:00:00+00:00,-0.00040184226606390395
2021-01-25 00:00:00+00:00,0.00025083662879962386
2021-01-26 00:00:00+00:00,0.0016550160579709837
2021-01-27 00:00:00+00:00,-0.0012472735581542653
2021-01-28 00:00:00+00:00,-0.0006564626128100924
2021-01-29 00:00:00+00:00,-0.0010847710240929017
2021-02-01 00:00:00+00:00,0.0018137512944282435
2021-02-02 00:00:00+00:00,0.001290975596525936
2021-02-03 00:00:00+00:00,0.00021099734398869613
2021-02-04 00:00:00+00:00,0.0011858110241779656
2021-02-05 00:00:00+00:00,0.0
2021-02-08 00:00:00+00:00,0.0008510861465662586
2021-02-09 00:00:00+00:00,0.0
2021-02-10 00:00:00+00:00,0.0
2021-02-11 00:00:00+00:00,0.0
2021-02-12 00:00:00+00:00,0.0
2021-02-15 00:00:00+00:00,0.0
2021-02-16 00:00:00+00:00,0.0
2021-02-17 00:00:00+00:00,-0.0007593602033257902
2021-02-18 00:00:00+00:00,0.0
2021-02-19 00:00:00+00:00,0.0
2021-02-22 00:00:00+00:00,0.0
2021-02-23 00:00:00+00:00,0.0
2021-02-24 00:00:00+00:00,0.0006110034239449241
2021-02-25 00:00:00+00:00,-0.00015400442990924266
2021-02-26 00:00:00+00:00,-0.0007216408594980621
2021-03-01 00:00:00+00:00,0.0022215942918174447
2021-03-02 00:00:00+00:00,0.0
2021-03-03 00:00:00+00:00,0.0
2021-03-04 00:00:00+00:00,0.0
2021-03-05 00:00:00+00:00,0.0004921851604311434
2021-03-08 00:00:00+00:00,0.0003062201657117687
2021-03-09 00:00:00+00:00,0.0
2021-03-10 00:00:00+00:00,0.0
2021-03-11 00:00:00+00:00,0.0
2021-03-12 00:00:00+00:00,0.0
2021-03-15 00:00:00+00:00,0.0003284042312213333
2021-03-16 00:00:00+00:00,0.0003338124849389387
2021-03-17 00:00:00+00:00,0.0005882828022327896
2021-03-18 00:00:00+00:00,0.0
2021-03-19 00:00:00+00:00,0.0
2021-03-22 00:00:00+00:00,0.0
2021-03-23 00:00:00+00:00,0.0
2021-03-24 00:00:00+00:00,0.0
2021-03-25 00:00:00+00:00,0.0
2021-03-26 00:00:00+00:00,0.0
2021-03-29 00:00:00+00:00,0.0
2021-03-30 00:00:00+00:00,0.0
2021-03-31 00:00:00+00:00,0.0
2021-04-01 00:00:00+00:00,0.004575153936922631
2021-04-02 00:00:00+00:00,0.0
2021-04-04 00:00:00+00:00,0.0
2021-04-05 00:00:00+00:00,0.0
2021-04-06 00:00:00+00:00,-0.00036520137290270866
2021-04-07 00:00:00+00:00,0.0
2021-04-08 00:00:00+00:00,0.0
2021-04-09 00:00:00+00:00,0.0
2021-04-11 00:00:00+00:00,0.0
2021-04-12 00:00:00+00:00,0.0
2021-04-13 00:00:00+00:00,0.0
2021-04-14 00:00:00+00:00,0.0
2021-04-15 00:00:00+00:00,0.0
2021-04-16 00:00:00+00:00,0.0
2021-04-18 00:00:00+00:00,0.0
2021-04-19 00:00:00+00:00,0.0
2021-04-20 00:00:00+00:00,-0.00037676146705898565
2021-04-21 00:00:00+00:00,0.0006841653897646221
2021-04-22 00:00:00+00:00,-0.00027368827785349126
2021-04-23 00:00:00+00:00,0.0
2021-04-25 00:00:00+00:00,0.0
2021-04-26 00:00:00+00:00,0.00041860189274286124
2021-04-27 00:00:00+00:00,0.0
2021-04-28 00:00:00+00:00,0.0
2021-04-29 00:00:00+00:00,0.0
2021-04-30 00:00:00+00:00,0.0
2021-05-02 00:00:00+00:00,-0.0010948201045945713
2021-05-03 00:00:00+00:00,0.02860519921634553
2021-05-04 00:00:00+00:00,0.004023066446595202
2021-05-05 00:00:00+00:00,0.003246443053253163
2021-05-06 00:00:00+00:00,0.0011918141513264351
2021-05-07 00:00:00+00:00,0.0004276001416409901
2021-05-09 00:00:00+00:00,0.0
2021-05-10 00:00:00+00:00,0.0010904979897018174
2021-05-11 00:00:00+00:00,-0.002432266646323403
2021-05-12 00:00:00+00:00,-0.0011151932178427165
2021-05-13 00:00:00+00:00,0.0010607610991605926
2021-05-14 00:00:00+00:00,0.0015760531652078517
2021-05-16 00:00:00+00:00,0.0
2021-05-17 00:00:00+00:00,-0.001083325114717012
2021-05-18 00:00:00+00:00,0.0
2021-05-19 00:00:00+00:00,-0.0020802571647056674
2021-05-20 00:00:00+00:00,0.0010201330699010768
2021-05-21 00:00:00+00:00,0.001268958934812287
2021-05-23 00:00:00+00:00,0.0
2021-05-24 00:00:00+00:00,0.0007499720132237409
2021-05-25 00:00:00+00:00,0.0
2021-05-26 00:00:00+00:00,0.0
2021-05-27 00:00:00+00:00,0.0017348211196598024
2021-05-28 00:00:00+00:00,0.0014998830012267355
2021-05-30 00:00:00+00:00,0.0
2021-05-31 00:00:00+00:00,-0.0005389816099974977
2021-06-01 00:00:00+00:00,0.006983252947074855
2021-06-02 00:00:00+00:00,0.0005106862228916816
2021-06-03 00:00:00+00:00,-0.0002468245937370492
2021-06-04 00:00:00+00:00,0.00032104776351610145
2021-06-05 00:00:00+00:00,0.0
2021-06-06 00:00:00+00:00,0.0
2021-06-07 00:00:00+00:00,-0.0006664221068163931
2021-06-08 00:00:00+00:00,0.0
2021-06-09 00:00:00+00:00,0.0
2021-06-10 00:00:00+00:00,0.0
2021-06-11 00:00:00+00:00,0.0
2021-06-12 00:00:00+00:00,0.0
2021-06-13 00:00:00+00:00,0.0
2021-06-14 00:00:00+00:00,0.0006316394419865725
2021-06-15 00:00:00+00:00,-0.0002839242554763948
2021-06-16 00:00:00+00:00,0.0
2021-06-17 00:00:00+00:00,0.0006964562382614055
2021-06-18 00:00:00+00:00,-0.0014515387206999924
2021-06-19 00:00:00+00:00,0.0
2021-06-20 00:00:00+00:00,0.0
2021-06-21 00:00:00+00:00,0.0015671587931981655
2021-06-22 00:00:00+00:00,0.0
2021-06-23 00:00:00+00:00,0.0010437130637513175
2021-06-24 00:00:00+00:00,0.0013212269690243772
2021-06-25 00:00:00+00:00,0.000881908577125604
2021-06-26 00:00:00+00:00,0.0
2021-06-27 00:00:00+00:00,0.0
2021-06-28 00:00:00+00:00,-0.0004571101922909204
2021-06-29 00:00:00+00:00,0.0007577145594064054
2021-06-30 00:00:00+00:00,-0.0005403284738729275
2021-07-01 00:00:00+00:00,0.0033352070823890675
2021-07-02 00:00:00+00:00,0.0
2021-07-03 00:00:00+00:00,0.0
2021-07-04 00:00:00+00:00,0.0
2021-07-05 00:00:00+00:00,0.0005421977976646362
2021-07-06 00:00:00+00:00,-0.0005936664039218382
2021-07-07 00:00:00+00:00,0.0008167881876435496
2021-07-08 00:00:00+00:00,-0.0017707059536117252
2021-07-09 00:00:00+00:00,0.0016810000329560394
2021-07-10 00:00:00+00:00,0.0
2021-07-11 00:00:00+00:00,0.0
2021-07-12 00:00:00+00:00,0.0
2021-07-13 00:00:00+00:00,0.0
2021-07-14 00:00:00+00:00,0.0
2021-07-15 00:00:00+00:00,0.0
2021-07-16 00:00:00+00:00,-0.000852471851423346
2021-07-17 00:00:00+00:00,0.0
2021-07-18 00:00:00+00:00,0.0
2021-07-19 00:00:00+00:00,-0.001670295854096949
2021-07-20 00:00:00+00:00,0.0010610318921985581
2021-07-21 00:00:00+00:00,0.0008785302046679854
2021-07-22 00:00:00+00:00,0.0
2021-07-23 00:00:00+00:00,0.00048663254635727135
2021-07-24 00:00:00+00:00,0.0
2021-07-25 00:00:00+00:00,0.0
2021-07-26 00:00:00+00:00,0.0006561311078793705
2021-07-27 00:00:00+00:00,0.0
2021-07-28 00:00:00+00:00,0.0
2021-07-29 00:00:00+00:00,0.00047493277296821034
2021-07-30 00:00:00+00:00,-0.0004182055389150467
2021-07-31 00:00:00+00:00,0.0
2021-08-01 00:00:00+00:00,0.0
2021-08-02 00:00:00+00:00,0.002637414026043185
2021-08-03 00:00:00+00:00,0.0009669091922669677
2021-08-04 00:00:00+00:00,0.0
2021-08-05 00:00:00+00:00,0.0007996284077681472
2021-08-06 00:00:00+00:00,0.0005267075523102924
2021-08-08 00:00:00+00:00,0.0
2021-08-09 00:00:00+00:00,0.000456391360584864
2021-08-10 00:00:00+00:00,0.00021675523161144002
2021-08-11 00:00:00+00:00,0.0004617183747406713
2021-08-12 00:00:00+00:00,-0.00038088976653800075
2021-08-13 00:00:00+00:00,-0.00029855929122150703
2021-08-15 00:00:00+00:00,0.0
2021-08-16 00:00:00+00:00,0.0
2021-08-17 00:00:00+00:00,0.0006263863916182574
2021-08-18 00:00:00+00:00,0.00040769882005453986
2021-08-19 00:00:00+00:00,0.0
2021-08-20 00:00:00+00:00,0.0
2021-08-22 00:00:00+00:00,0.0
2021-08-23 00:00:00+00:00,-0.00027145897855604525
2021-08-24 00:00:00+00:00,-0.0003789224734664356
2021-08-25 00:00:00+00:00,0.00018970513359362745
2021-08-26 00:00:00+00:00,-0.0003676572341078827
2021-08-27 00:00:00+00:00,0.0
2021-08-29 00:00:00+00:00,0.0
2021-08-30 00:00:00+00:00,0.0
2021-08-31 00:00:00+00:00,-0.00030683678496554986
2021-09-01 00:00:00+00:00,0.0017604135314195982
2021-09-02 00:00:00+00:00,0.0006039017172171612
2021-09-03 00:00:00+00:00,0.0
2021-09-05 00:00:00+00:00,0.0
2021-09-06 00:00:00+00:00,0.000852740153242798
2021-09-07 00:00:00+00:00,-0.00037974677733777
2021-09-08 00:00:00+00:00,-0.0005510284231209252
2021-09-09 00:00:00+00:00,0.00023424898729906281
2021-09-10 00:00:00+00:00,0.00033417591541341703
2021-09-12 00:00:00+00:00,0.0
2021-09-13 00:00:00+00:00,0.0
2021-09-14 00:00:00+00:00,0.0
2021-09-15 00:00:00+00:00,0.0006259759082102471
2021-09-16 00:00:00+00:00,0.0
2021-09-17 00:00:00+00:00,-0.00045802390886107267
2021-09-19 00:00:00+00:00,0.0
2021-09-20 00:00:00+00:00,-0.001610489357805633
2021-09-21 00:00:00+00:00,0.0
2021-09-22 00:00:00+00:00,0.0009892923935393863
2021-09-23 00:00:00+00:00,0.0005748588319851706
2021-09-24 00:00:00+00:00,0.0
2021-09-25 00:00:00+00:00,0.0
2021-09-26 00:00:00+00:00,0.0
2021-09-27 00:00:00+00:00,0.0
2021-09-28 00:00:00+00:00,0.0
2021-09-29 00:00:00+00:00,0.0
2021-09-30 00:00:00+00:00,-0.0006848699876633472
2021-10-01 00:00:00+00:00,0.0
2021-10-02 00:00:00+00:00,0.0
2021-10-03 00:00:00+00:00,0.0
2021-10-04 00:00:00+00:00,0.0
2021-10-05 00:00:00+00:00,0.0
2021-10-06 00:00:00+00:00,0.0
2021-10-07 00:00:00+00:00,0.0
2021-10-08 00:00:00+00:00,0.0
2021-10-09 00:00:00+00:00,0.0
2021-10-10 00:00:00+00:00,0.0
2021-10-11 00:00:00+00:00,0.0
2021-10-12 00:00:00+00:00,0.0
2021-10-13 00:00:00+00:00,0.0
2021-10-14 00:00:00+00:00,0.0
2021-10-15 00:00:00+00:00,0.0
2021-10-16 00:00:00+00:00,0.0
2021-10-17 00:00:00+00:00,0.0
2021-10-18 00:00:00+00:00,0.00038026883242463943
2021-10-19 00:00:00+00:00,0.0
2021-10-20 00:00:00+00:00,0.0
2021-10-21 00:00:00+00:00,0.0
2021-10-22 00:00:00+00:00,0.0
2021-10-23 00:00:00+00:00,0.0
2021-10-24 00:00:00+00:00,0.0
2021-10-25 00:00:00+00:00,0.0
2021-10-26 00:00:00+00:00,0.0
2021-10-27 00:00:00+00:00,0.0
2021-10-28 00:00:00+00:00,0.0
2021-10-29 00:00:00+00:00,0.0
2021-10-30 00:00:00+00:00,0.0
2021-10-31 00:00:00+00:00,0.0
2021-11-01 00:00:00+00:00,0.0009569330363629807
2021-11-02 00:00:00+00:00,0.0
2021-11-03 00:00:00+00:00,0.0
2021-11-04 00:00:00+00:00,0.0
2021-11-05 00:00:00+00:00,0.0
2021-11-06 00:00:00+00:00,0.0
2021-11-07 00:00:00+00:00,0.0
2021-11-08 00:00:00+00:00,0.0
2021-11-09 00:00:00+00:00,0.0
2021-11-10 00:00:00+00:00,0.0
2021-11-11 00:00:00+00:00,0.0
2021-11-12 00:00:00+00:00,0.0
2021-11-13 00:00:00+00:00,0.0
2021-11-14 00:00:00+00:00,0.0
2021-11-15 00:00:00+00:00,0.0
2021-11-16 00:00:00+00:00,0.0
2021-11-17 00:00:00+00:00,0.0
2021-11-18 00:00:00+00:00,0.0
2021-11-19 00:00:00+00:00,0.0
2021-11-20 00:00:00+00:00,0.0
2021-11-21 00:00:00+00:00,0.0
2021-11-22 00:00:00+00:00,0.0
2021-11-23 00:00:00+00:00,0.0
2021-11-24 00:00:00+00:00,0.0
2021-11-25 00:00:00+00:00,0.0
2021-11-26 00:00:00+00:00,-0.000612294063160686
2021-11-27 00:00:00+00:00,0.0
2021-11-28 00:00:00+00:00,0.0
2021-11-29 00:00:00+00:00,0.0
2021-11-30 00:00:00+00:00,-0.0006606597553198111
2021-12-01 00:00:00+00:00,0.0
2021-12-02 00:00:00+00:00,0.0
2021-12-03 00:00:00+00:00,0.0
2021-12-04 00:00:00+00:00,0.0
2021-12-05 00:00:00+00:00,0.0
2021-12-06 00:00:00+00:00,0.0
2021-12-07 00:00:00+00:00,0.0
2021-12-08 00:00:00+00:00,0.0
2021-12-09 00:00:00+00:00,0.0
2021-12-10 00:00:00+00:00,0.0
2021-12-11 00:00:00+00:00,0.0
2021-12-12 00:00:00+00:00,0.0
2021-12-13 00:00:00+00:00,0.0
2021-12-14 00:00:00+00:00,0.0
2021-12-15 00:00:00+00:00,0.0
2021-12-16 00:00:00+00:00,0.0
2021-12-17 00:00:00+00:00,0.0
2021-12-18 00:00:00+00:00,0.0
2021-12-19 00:00:00+00:00,0.0
2021-12-20 00:00:00+00:00,0.0
2021-12-21 00:00:00+00:00,0.0
2021-12-22 00:00:00+00:00,0.0
2021-12-23 00:00:00+00:00,0.0
2021-12-24 00:00:00+00:00,0.0
2021-12-25 00:00:00+00:00,0.0
2021-12-26 00:00:00+00:00,0.0
2021-12-27 00:00:00+00:00,0.0
2021-12-28 00:00:00+00:00,0.0
2021-12-29 00:00:00+00:00,0.0
2021-12-30 00:00:00+00:00,0.0
2021-12-31 00:00:00+00:00,0.0
2022-01-01 00:00:00+00:00,0.0
2022-01-02 00:00:00+00:00,0.0
2022-01-03 00:00:00+00:00,0.0
2022-01-04 00:00:00+00:00,0.0
2022-01-05 00:00:00+00:00,0.0
2022-01-06 00:00:00+00:00,0.0
2022-01-07 00:00:00+00:00,0.0
2022-01-08 00:00:00+00:00,0.0
2022-01-09 00:00:00+00:00,0.0
2022-01-10 00:00:00+00:00,0.0
2022-01-11 00:00:00+00:00,0.0
2022-01-12 00:00:00+00:00,0.0
2022-01-13 00:00:00+00:00,0.0
2022-01-14 00:00:00+00:00,0.0
2022-01-15 00:00:00+00:00,0.0
2022-01-16 00:00:00+00:00,0.0
2022-01-17 00:00:00+00:00,0.0
2022-01-18 00:00:00+00:00,0.0
2022-01-19 00:00:00+00:00,0.0
2022-01-20 00:00:00+00:00,0.0
2022-01-21 00:00:00+00:00,0.0
2022-01-22 00:00:00+00:00,0.0
2022-01-23 00:00:00+00:00,0.0
2022-01-24 00:00:00+00:00,0.0
2022-01-25 00:00:00+00:00,0.0
2022-01-26 00:00:00+00:00,0.0
2022-01-27 00:00:00+00:00,0.0
2022-01-28 00:00:00+00:00,0.0
2022-01-29 00:00:00+00:00,0.0
2022-01-30 00:00:00+00:00,0.0
2022-01-31 00:00:00+00:00,0.0
2022-02-01 00:00:00+00:00,0.0
2022-02-02 00:00:00+00:00,0.0
2022-02-03 00:00:00+00:00,0.0
2022-02-04 00:00:00+00:00,0.0
2022-02-05 00:00:00+00:00,0.0
2022-02-06 00:00:00+00:00,0.0
2022-02-07 00:00:00+00:00,0.0
2022-02-08 00:00:00+00:00,0.0
2022-02-09 00:00:00+00:00,0.0
2022-02-10 00:00:00+00:00,0.0
2022-02-11 00:00:00+00:00,0.0
2022-02-12 00:00:00+00:00,0.0
2022-02-13 00:00:00+00:00,0.0
2022-02-14 00:00:00+00:00,0.0
2022-02-15 00:00:00+00:00,0.0
2022-02-16 00:00:00+00:00,0.0
2022-02-17 00:00:00+00:00,0.0
2022-02-18 00:00:00+00:00,0.0
2022-02-19 00:00:00+00:00,0.0
2022-02-20 00:00:00+00:00,0.0
2022-02-21 00:00:00+00:00,0.0
2022-02-22 00:00:00+00:00,0.0
2022-02-23 00:00:00+00:00,0.0
2022-02-24 00:00:00+00:00,0.0
2022-02-25 00:00:00+00:00,0.0
2022-02-26 00:00:00+00:00,0.0
2022-02-27 00:00:00+00:00,0.0
2022-02-28 00:00:00+00:00,0.0
2022-03-01 00:00:00+00:00,0.009061235208546197
2022-03-02 00:00:00+00:00,0.003166918807983776
2022-03-03 00:00:00+00:00,0.001505424912802071
2022-03-04 00:00:00+00:00,-0.001186608093428457
2022-03-05 00:00:00+00:00,0.0
2022-03-06 00:00:00+00:00,0.00033548572307507616
2022-03-07 00:00:00+00:00,-0.0027846102864356806
2022-03-08 00:00:00+00:00,-0.0020390242733729826
2022-03-09 00:00:00+00:00,0.0011815410551784514
2022-03-10 00:00:00+00:00,0.0008432652831653222
2022-03-11 00:00:00+00:00,0.0
2022-03-12 00:00:00+00:00,0.0
2022-03-13 00:00:00+00:00,0.0
2022-03-14 00:00:00+00:00,-0.0003925069486873574
2022-03-15 00:00:00+00:00,0.0003556803000618576
2022-03-16 00:00:00+00:00,0.002599806122880197
2022-03-17 00:00:00+00:00,0.0023097741205314938
2022-03-18 00:00:00+00:00,0.0010223098073116872
2022-03-19 00:00:00+00:00,0.0
2022-03-20 00:00:00+00:00,0.0
2022-03-21 00:00:00+00:00,0.0
2022-03-22 00:00:00+00:00,0.0008052239912772212
2022-03-23 00:00:00+00:00,-0.0014105087840049363
2022-03-24 00:00:00+00:00,0.0014132479665580379
2022-03-25 00:00:00+00:00,-0.00042886248027028466
2022-03-26 00:00:00+00:00,0.0
2022-03-27 00:00:00+00:00,0.0
2022-03-28 00:00:00+00:00,0.0005552088526195825
2022-03-29 00:00:00+00:00,0.0
2022-03-30 00:00:00+00:00,-0.0010157154042506529
2022-03-31 00:00:00+00:00,-0.00027773493400286487
2022-04-01 00:00:00+00:00,0.0009111996584548237
2022-04-02 00:00:00+00:00,0.0
2022-04-03 00:00:00+00:00,0.0
2022-04-04 00:00:00+00:00,0.0
2022-04-05 00:00:00+00:00,-0.00033207077615325377
2022-04-06 00:00:00+00:00,-0.00035180681742521836
2022-04-07 00:00:00+00:00,0.0012802424721861203
2022-04-08 00:00:00+00:00,0.0009792569162758646
2022-04-09 00:00:00+00:00,0.0
2022-04-10 00:00:00+00:00,0.0
2022-04-11 00:00:00+00:00,-0.0005790907915849208
2022-04-12 00:00:00+00:00,-0.0005364511264021141
2022-04-13 00:00:00+00:00,0.0002861496982317302
2022-04-14 00:00:00+00:00,-0.00030027166830702676
2022-04-15 00:00:00+00:00,0.0
2022-04-16 00:00:00+00:00,0.0
2022-04-17 00:00:00+00:00,0.0
2022-04-18 00:00:00+00:00,0.0
2022-04-19 00:00:00+00:00,0.0
2022-04-20 00:00:00+00:00,0.0009909808798797858
2022-04-21 00:00:00+00:00,0.00016318811488494133
2022-04-22 00:00:00+00:00,-0.001824683473237885
2022-04-23 00:00:00+00:00,0.0
2022-04-24 00:00:00+00:00,0.0
2022-04-25 00:00:00+00:00,0.0
2022-04-26 00:00:00+00:00,-0.0007034769774993122
2022-04-27 00:00:00+00:00,0.0009187114973559381
2022-04-28 00:00:00+00:00,0.0009361588366413378
2022-04-29 00:00:00+00:00,-0.0011524098631199632
2022-04-30 00:00:00+00:00,0.0
2022-05-01 00:00:00+00:00,0.0008442693701155968
2022-05-02 00:00:00+00:00,0.0004564415692451574
2022-05-03 00:00:00+00:00,0.0006663462724535285
2022-05-04 00:00:00+00:00,-0.00037349779278130597
2022-05-05 00:00:00+00:00,0.0
2022-05-06 00:00:00+00:00,0.0
2022-05-07 00:00:00+00:00,0.0
2022-05-08 00:00:00+00:00,0.0
2022-05-09 00:00:00+00:00,-0.0010845389368527225
2022-05-10 00:00:00+00:00,0.0
2022-05-11 00:00:00+00:00,0.0
2022-05-12 00:00:00+00:00,0.0
2022-05-13 00:00:00+00:00,0.0
2022-05-14 00:00:00+00:00,0.0
2022-05-15 00:00:00+00:00,0.0
2022-05-16 00:00:00+00:00,0.0
2022-05-17 00:00:00+00:00,0.0023872362817828076
2022-05-18 00:00:00+00:00,-0.006343465230376162
2022-05-19 00:00:00+00:00,0.0015832379664635155
2022-05-20 00:00:00+00:00,0.0006708902096381992
2022-05-21 00:00:00+00:00,0.0
2022-05-22 00:00:00+00:00,0.0
2022-05-23 00:00:00+00:00,0.0026951200339519693
2022-05-24 00:00:00+00:00,-0.0004335860858454246
2022-05-25 00:00:00+00:00,0.0010111659719778572
2022-05-26 00:00:00+00:00,0.0011953890943855155
2022-05-27 00:00:00+00:00,0.002519328491897048
2022-05-28 00:00:00+00:00,0.0
2022-05-29 00:00:00+00:00,0.0
2022-05-30 00:00:00+00:00,0.0004041681780875661
2022-05-31 00:00:00+00:00,-0.001708218902823279
2022-06-01 00:00:00+00:00,0.001835201399694212
2022-06-02 00:00:00+00:00,0.0015154393210346606
2022-06-03 00:00:00+00:00,0.0
2022-06-04 00:00:00+00:00,0.0
2022-06-05 00:00:00+00:00,0.0
2022-06-06 00:00:00+00:00,0.0007790171432357204
2022-06-07 00:00:00+00:00,0.001681145936241914
2022-06-08 00:00:00+00:00,-0.002378360954280164
2022-06-09 00:00:00+00:00,-0.001797437988339049
2022-06-10 00:00:00+00:00,-0.0029496792151537006
2022-06-11 00:00:00+00:00,0.0
2022-06-12 00:00:00+00:00,0.0
2022-06-13 00:00:00+00:00,-0.003322832042008187
2022-06-14 00:00:00+00:00,-0.0010440380898162527
2022-06-15 00:00:00+00:00,0.0018473411127438158
2022-06-16 00:00:00+00:00,-0.002327782166928426
2022-06-17 00:00:00+00:00,0.0
2022-06-18 00:00:00+00:00,0.0
2022-06-19 00:00:00+00:00,0.0
2022-06-20 00:00:00+00:00,0.0
2022-06-21 00:00:00+00:00,0.001495351077549262
2022-06-22 00:00:00+00:00,0.0
2022-06-23 00:00:00+00:00,0.0007306056347032269
2022-06-24 00:00:00+00:00,0.0034837907971691077
2022-06-25 00:00:00+00:00,0.0
2022-06-26 00:00:00+00:00,0.0
2022-06-27 00:00:00+00:00,0.0020629007810837943
2022-06-28 00:00:00+00:00,-0.0009875046617182507
2022-06-29 00:00:00+00:00,-0.0011830509860965514
2022-06-30 00:00:00+00:00,-0.0013294243905870753
2022-07-01 00:00:00+00:00,0.0010430127979269394
2022-07-02 00:00:00+00:00,0.0
2022-07-03 00:00:00+00:00,0.0
2022-07-04 00:00:00+00:00,0.00033358421241026553
2022-07-05 00:00:00+00:00,-0.0008229776873621995
2022-07-06 00:00:00+00:00,0.0
2022-07-07 00:00:00+00:00,0.002737698324413154
2022-07-08 00:00:00+00:00,-0.00034645968155223167
2022-07-09 00:00:00+00:00,0.0
2022-07-10 00:00:00+00:00,0.0
2022-07-11 00:00:00+00:00,-0.0008742725225114584
2022-07-12 00:00:00+00:00,-0.0003202555884950375
2022-07-13 00:00:00+00:00,0.0
2022-07-14 00:00:00+00:00,-0.001714542300583332
2022-07-15 00:00:00+00:00,0.0022656692399464855
2022-07-16 00:00:00+00:00,0.0
2022-07-17 00:00:00+00:00,0.0
2022-07-18 00:00:00+00:00,0.0009396846636101707
2022-07-19 00:00:00+00:00,0.0030969308059524588
2022-07-20 00:00:00+00:00,0.0011069031353195056
2022-07-21 00:00:00+00:00,0.0018100098756078334
2022-07-22 00:00:00+00:00,-0.0010330774668671522
2022-07-23 00:00:00+00:00,0.0
2022-07-24 00:00:00+00:00,0.0
2022-07-25 00:00:00+00:00,0.0
2022-07-26 00:00:00+00:00,-0.001195836822160525
2022-07-27 00:00:00+00:00,0.0025923623088647337
2022-07-28 00:00:00+00:00,0.0021899260498922054
2022-07-29 00:00:00+00:00,0.0016858879386586467
2022-07-30 00:00:00+00:00,0.0
2022-07-31 00:00:00+00:00,0.0
2022-08-01 00:00:00+00:00,0.0011334091000275368
2022-08-02 00:00:00+00:00,-0.0014014941372531716
2022-08-03 00:00:00+00:00,0.002317434120045776
2022-08-04 00:00:00+00:00,0.0
2022-08-05 00:00:00+00:00,0.0
2022-08-06 00:00:00+00:00,0.0
2022-08-07 00:00:00+00:00,0.0
2022-08-08 00:00:00+00:00,0.0010657820605727245
2022-08-09 00:00:00+00:00,-0.0005869284542572255
2022-08-10 00:00:00+00:00,0.002694453690360015
2022-08-11 00:00:00+00:00,0.0008816991877387702
2022-08-12 00:00:00+00:00,0.0016244094091108247
2022-08-13 00:00:00+00:00,0.0
2022-08-14 00:00:00+00:00,0.0
2022-08-15 00:00:00+00:00,0.0004196343986622861
2022-08-16 00:00:00+00:00,0.0009373408850219008
2022-08-17 00:00:00+00:00,-0.0007029505443777338
2022-08-18 00:00:00+00:00,0.0004933755551547628
2022-08-19 00:00:00+00:00,-0.0013974105051559236
2022-08-20 00:00:00+00:00,0.0
2022-08-21 00:00:00+00:00,0.0
2022-08-22 00:00:00+00:00,-0.0017122906284566513
2022-08-23 00:00:00+00:00,-0.00024565055301590855
2022-08-24 00:00:00+00:00,0.0005146079873635983
2022-08-25 00:00:00+00:00,0.0011393304304290247
2022-08-26 00:00:00+00:00,-0.0014802921096236227
2022-08-27 00:00:00+00:00,0.0
2022-08-28 00:00:00+00:00,0.0
2022-08-29 00:00:00+00:00,0.0
2022-08-30 00:00:00+00:00,0.0
2022-08-31 00:00:00+00:00,-0.0008000858403701139
2022-09-01 00:00:00+00:00,0.0011827131048286813
2022-09-02 00:00:00+00:00,-0.00041277327099250585
2022-09-03 00:00:00+00:00,0.0
2022-09-04 00:00:00+00:00,0.0
2022-09-05 00:00:00+00:00,0.0
2022-09-06 00:00:00+00:00,0.0
2022-09-07 00:00:00+00:00,0.0009023626813861874
2022-09-08 00:00:00+00:00,0.0011010000178733666
2022-09-09 00:00:00+00:00,0.0006176945584526419
2022-09-10 00:00:00+00:00,0.0
2022-09-11 00:00:00+00:00,0.0
2022-09-12 00:00:00+00:00,0.0006096340022375074
2022-09-13 00:00:00+00:00,-0.002801603990254487
2022-09-14 00:00:00+00:00,0.0006150350420502274
2022-09-15 00:00:00+00:00,-0.0007558209537605646
2022-09-16 00:00:00+00:00,-0.0009111122707583635
2022-09-17 00:00:00+00:00,0.0
2022-09-18 00:00:00+00:00,0.0
2022-09-19 00:00:00+00:00,0.00039511803011103494
2022-09-20 00:00:00+00:00,-0.0004746544812375142
2022-09-21 00:00:00+00:00,-0.0007889916163954322
2022-09-22 00:00:00+00:00,-0.0010092210187932307
2022-09-23 00:00:00+00:00,-0.0009593510723949883
2022-09-24 00:00:00+00:00,0.0
2022-09-25 00:00:00+00:00,0.0
2022-09-26 00:00:00+00:00,-0.0006112276782326896
2022-09-27 00:00:00+00:00,-0.00018764444329773158
2022-09-28 00:00:00+00:00,0.0014313309938918668
2022-09-29 00:00:00+00:00,-0.0006931297995726624
2022-09-30 00:00:00+00:00,-0.0005533089532621713
2022-10-01 00:00:00+00:00,0.0
2022-10-02 00:00:00+00:00,0.0
2022-10-03 00:00:00+00:00,0.0006823303397027868
2022-10-04 00:00:00+00:00,0.00247687658873963
2022-10-05 00:00:00+00:00,-0.0007672057344407506
2022-10-06 00:00:00+00:00,-0.0003190269686914156
2022-10-07 00:00:00+00:00,-0.001077910836872875
2022-10-08 00:00:00+00:00,0.0
2022-10-09 00:00:00+00:00,0.0
2022-10-10 00:00:00+00:00,0.0
2022-10-11 00:00:00+00:00,-0.000910680526636093
2022-10-12 00:00:00+00:00,-0.0007719217435120274
2022-10-13 00:00:00+00:00,0.001547570276385519
2022-10-14 00:00:00+00:00,0.0
2022-10-15 00:00:00+00:00,0.0
2022-10-16 00:00:00+00:00,0.0
2022-10-17 00:00:00+00:00,0.0013265933564527916
2022-10-18 00:00:00+00:00,0.000413705984292772
2022-10-19 00:00:00+00:00,-0.0004502197166124031
2022-10-20 00:00:00+00:00,0.0
2022-10-21 00:00:00+00:00,0.00044049391507710364
2022-10-22 00:00:00+00:00,0.0
2022-10-23 00:00:00+00:00,0.0
2022-10-24 00:00:00+00:00,0.0002866356925014947
2022-10-25 00:00:00+00:00,0.0005957719161033051
2022-10-26 00:00:00+00:00,-0.00022797339185854956
2022-10-27 00:00:00+00:00,-0.0008522592303352413
2022-10-28 00:00:00+00:00,0.0
2022-10-29 00:00:00+00:00,0.0
2022-10-30 00:00:00+00:00,0.0
2022-10-31 00:00:00+00:00,0.0
2022-11-01 00:00:00+00:00,0.0026222460784026207
2022-11-02 00:00:00+00:00,-0.0007478993089834325
2022-11-03 00:00:00+00:00,-0.00022179807016861708
2022-11-04 00:00:00+00:00,0.0015212998241290665
2022-11-05 00:00:00+00:00,0.0
2022-11-06 00:00:00+00:00,0.0
2022-11-07 00:00:00+00:00,0.0011807919020140473
2022-11-08 00:00:00+00:00,0.0003965542011058659
2022-11-09 00:00:00+00:00,-0.0009962471759948682
2022-11-10 00:00:00+00:00,0.0038527935716928777
2022-11-11 00:00:00+00:00,-0.0011654200409088298
2022-11-12 00:00:00+00:00,0.0
2022-11-13 00:00:00+00:00,0.0
2022-11-14 00:00:00+00:00,-0.0009714815102350252
2022-11-15 00:00:00+00:00,0.00041581349832036616
2022-11-16 00:00:00+00:00,0.0
2022-11-17 00:00:00+00:00,0.00043135546830650525
2022-11-18 00:00:00+00:00,0.0013104402861623078
2022-11-19 00:00:00+00:00,0.0
2022-11-20 00:00:00+00:00,0.0
2022-11-21 00:00:00+00:00,0.0
2022-11-22 00:00:00+00:00,0.0006708242630652219
2022-11-23 00:00:00+00:00,0.0
2022-11-24 00:00:00+00:00,0.0
2022-11-25 00:00:00+00:00,0.0
2022-11-26 00:00:00+00:00,0.0
2022-11-27 00:00:00+00:00,0.0
2022-11-28 00:00:00+00:00,-0.0008839784772345828
2022-11-29 00:00:00+00:00,0.0002913185237846603
2022-11-30 00:00:00+00:00,0.0014389625947653422
2022-12-01 00:00:00+00:00,0.0011678717974291345
2022-12-02 00:00:00+00:00,0.0
2022-12-03 00:00:00+00:00,0.0
2022-12-04 00:00:00+00:00,0.0
2022-12-05 00:00:00+00:00,-0.0011283201931876626
2022-12-06 00:00:00+00:00,-0.0007841836126699919
2022-12-07 00:00:00+00:00,-0.00047313659062440684
2022-12-08 00:00:00+00:00,0.000367824297406766
2022-12-09 00:00:00+00:00,0.0
2022-12-10 00:00:00+00:00,0.0
2022-12-11 00:00:00+00:00,0.0
2022-12-12 00:00:00+00:00,0.001310749742560978
2022-12-13 00:00:00+00:00,0.0007157520775934256
2022-12-14 00:00:00+00:00,-0.0004469087297510192
2022-12-15 00:00:00+00:00,-0.0013313440127119623
2022-12-16 00:00:00+00:00,-0.0008384817842794663
2022-12-17 00:00:00+00:00,0.0
2022-12-18 00:00:00+00:00,0.0
2022-12-19 00:00:00+00:00,-0.0008603565665914461
2022-12-20 00:00:00+00:00,0.00032544305882400434
2022-12-21 00:00:00+00:00,0.0013478459822391835
2022-12-22 00:00:00+00:00,-0.0005495126677050251
2022-12-23 00:00:00+00:00,0.00034160832655641236
2022-12-24 00:00:00+00:00,0.0
2022-12-25 00:00:00+00:00,0.0
2022-12-26 00:00:00+00:00,0.0
2022-12-27 00:00:00+00:00,0.0
2022-12-28 00:00:00+00:00,-0.0013497888581121954
2022-12-29 00:00:00+00:00,0.001726432622885916
2022-12-30 00:00:00+00:00,-0.00028728807009914265
2022-12-31 00:00:00+00:00,0.0
2023-01-01 00:00:00+00:00,0.0016346280704426816
2023-01-02 00:00:00+00:00,0.00032353405507639776
2023-01-03 00:00:00+00:00,-0.001980263310094385
2023-01-04 00:00:00+00:00,0.00224090287327199
2023-01-05 00:00:00+00:00,-0.0010333310799713429
2023-01-06 00:00:00+00:00,0.002241096700681824
2023-01-07 00:00:00+00:00,0.0
2023-01-08 00:00:00+00:00,0.0
2023-01-09 00:00:00+00:00,0.0009489308562344802
2023-01-10 00:00:00+00:00,0.0017169629860954022
2023-01-11 00:00:00+00:00,0.0014051237156229245
2023-01-12 00:00:00+00:00,0.0009232496809986709
2023-01-13 00:00:00+00:00,0.0008025819950117848
2023-01-14 00:00:00+00:00,0.0
2023-01-15 00:00:00+00:00,0.0
2023-01-16 00:00:00+00:00,0.0
2023-01-17 00:00:00+00:00,0.0
2023-01-18 00:00:00+00:00,-0.00083577910593601
2023-01-19 00:00:00+00:00,-0.0014142622401860318
2023-01-20 00:00:00+00:00,0.0016454396865162306
2023-01-21 00:00:00+00:00,0.0
2023-01-22 00:00:00+00:00,0.0
2023-01-23 00:00:00+00:00,0.0011264376991810428
2023-01-24 00:00:00+00:00,-0.0009141328691164146
2023-01-25 00:00:00+00:00,0.0
2023-01-26 00:00:00+00:00,0.001259888302789699
2023-01-27 00:00:00+00:00,0.0003891384558457083
2023-01-28 00:00:00+00:00,0.0
2023-01-29 00:00:00+00:00,0.0
2023-01-30 00:00:00+00:00,-0.0010676654000913288
2023-01-31 00:00:00+00:00,0.0013219904145150506
2023-02-01 00:00:00+00:00,0.0034258706710948612
2023-02-02 00:00:00+00:00,0.0006810897908247878
2023-02-03 00:00:00+00:00,-0.00047244996137183474
2023-02-04 00:00:00+00:00,0.0
2023-02-05 00:00:00+00:00,0.0
2023-02-06 00:00:00+00:00,-0.0005386117295667237
2023-02-07 00:00:00+00:00,0.0005796597909130024
2023-02-08 00:00:00+00:00,-0.00019729231157194075
2023-02-09 00:00:00+00:00,-0.0010248696097691615
2023-02-10 00:00:00+00:00,-0.0005201783400776379
2023-02-11 00:00:00+00:00,0.0
2023-02-12 00:00:00+00:00,0.0
2023-02-13 00:00:00+00:00,0.0008879439512457958
2023-02-14 00:00:00+00:00,0.0006424732311897726
2023-02-15 00:00:00+00:00,0.0005295002838918568
2023-02-16 00:00:00+00:00,-0.000347354929646952
2023-02-17 00:00:00+00:00,-0.0003403392219289577
2023-02-18 00:00:00+00:00,0.0
2023-02-19 00:00:00+00:00,0.0
2023-02-20 00:00:00+00:00,0.0
2023-02-21 00:00:00+00:00,-0.0010768737308645717
2023-02-22 00:00:00+00:00,0.0
2023-02-23 00:00:00+00:00,0.0
2023-02-24 00:00:00+00:00,-0.0005013208957854153
2023-02-25 00:00:00+00:00,0.0
2023-02-26 00:00:00+00:00,0.0
2023-02-27 00:00:00+00:00,0.0009039559220020293
2023-02-28 00:00:00+00:00,0.0
2023-03-01 00:00:00+00:00,0.0006824473050758575
2023-03-02 00:00:00+00:00,0.0007651677145740194
2023-03-03 00:00:00+00:00,0.0012615446098688703
2023-03-04 00:00:00+00:00,0.0
2023-03-05 00:00:00+00:00,0.0
2023-03-06 00:00:00+00:00,-0.0002663406666634993
2023-03-07 00:00:00+00:00,-0.0010744973622735569
2023-03-08 00:00:00+00:00,0.0004104801405258561
2023-03-09 00:00:00+00:00,-0.001808270457362351
2023-03-10 00:00:00+00:00,-0.0019350506774257628
2023-03-11 00:00:00+00:00,0.0
2023-03-12 00:00:00+00:00,-0.00029196496668559835
2023-03-13 00:00:00+00:00,-0.000961713448561367
2023-03-14 00:00:00+00:00,0.002003497122782564
2023-03-15 00:00:00+00:00,-0.0012464079310529877
2023-03-16 00:00:00+00:00,0.001578852897433027
2023-03-17 00:00:00+00:00,-0.0011935099712684992
2023-03-18 00:00:00+00:00,0.0
2023-03-19 00:00:00+00:00,0.0
2023-03-20 00:00:00+00:00,0.0011139810272402277
2023-03-21 00:00:00+00:00,0.0013248734257765482
2023-03-22 00:00:00+00:00,-0.0017062896454127334
2023-03-23 00:00:00+00:00,0.0
2023-03-24 00:00:00+00:00,0.0004262504416699722
2023-03-25 00:00:00+00:00,0.0
2023-03-26 00:00:00+00:00,0.0
2023-03-27 00:00:00+00:00,0.0007982140383357573
2023-03-28 00:00:00+00:00,0.0005386470477485041
2023-03-29 00:00:00+00:00,0.001596036974864207
2023-03-30 00:00:00+00:00,0.00033213582156198034
2023-03-31 00:00:00+00:00,0.0015273704934382403
2023-04-01 00:00:00+00:00,0.0
2023-04-02 00:00:00+00:00,0.0
2023-04-03 00:00:00+00:00,0.0019146878851430146
2023-04-04 00:00:00+00:00,-0.0010892031685003586
2023-04-05 00:00:00+00:00,0.0
2023-04-06 00:00:00+00:00,0.0
2023-04-07 00:00:00+00:00,0.0
2023-04-08 00:00:00+00:00,0.0
2023-04-09 00:00:00+00:00,0.0
2023-04-10 00:00:00+00:00,0.0009513060054514225
2023-04-11 00:00:00+00:00,0.0
2023-04-12 00:00:00+00:00,0.0
2023-04-13 00:00:00+00:00,0.0010335094665584457
2023-04-14 00:00:00+00:00,0.0
2023-04-15 00:00:00+00:00,0.0
2023-04-16 00:00:00+00:00,0.0
2023-04-17 00:00:00+00:00,0.0003523976289115813
2023-04-18 00:00:00+00:00,0.0003280017714865805
2023-04-19 00:00:00+00:00,0.0
2023-04-20 00:00:00+00:00,-0.0006035982966666175
2023-04-21 00:00:00+00:00,0.00048500926464053936
2023-04-22 00:00:00+00:00,0.0
2023-04-23 00:00:00+00:00,0.0
2023-04-24 00:00:00+00:00,0.0
2023-04-25 00:00:00+00:00,-0.0014656007553716722
2023-04-26 00:00:00+00:00,0.0017220380088444993
2023-04-27 00:00:00+00:00,0.0016993629255210654
2023-04-28 00:00:00+00:00,0.0005250079962510574
2023-04-29 00:00:00+00:00,0.0
2023-04-30 00:00:00+00:00,0.0
2023-05-01 00:00:00+00:00,0.00036941729897517624
2023-05-02 00:00:00+00:00,-0.0007234020973055412
2023-05-03 00:00:00+00:00,0.0
2023-05-04 00:00:00+00:00,-0.0012272500208203197
2023-05-05 00:00:00+00:00,0.0007190365238983499
2023-05-06 00:00:00+00:00,0.0
2023-05-07 00:00:00+00:00,0.0
2023-05-08 00:00:00+00:00,-0.00044432848437937517
2023-05-09 00:00:00+00:00,0.00024380941775704754
2023-05-10 00:00:00+00:00,0.0005495401064623047
2023-05-11 00:00:00+00:00,0.0
2023-05-12 00:00:00+00:00,0.0
2023-05-13 00:00:00+00:00,0.0
2023-05-14 00:00:00+00:00,0.0
2023-05-15 00:00:00+00:00,0.00031531715314462466
2023-05-16 00:00:00+00:00,-0.0008770020276534129
2023-05-17 00:00:00+00:00,0.0008527100513897197
2023-05-18 00:00:00+00:00,0.0013450211336545543
2023-05-19 00:00:00+00:00,0.0
2023-05-20 00:00:00+00:00,0.0
2023-05-21 00:00:00+00:00,0.0
2023-05-22 00:00:00+00:00,0.0
2023-05-23 00:00:00+00:00,-0.0015022234429598982
2023-05-24 00:00:00+00:00,-0.00015927767933388395
2023-05-25 00:00:00+00:00,0.00047136211400977543
2023-05-26 00:00:00+00:00,0.0010510124136691077
2023-05-27 00:00:00+00:00,0.0
2023-05-28 00:00:00+00:00,0.0
2023-05-29 00:00:00+00:00,0.0
2023-05-30 00:00:00+00:00,0.0
2023-05-31 00:00:00+00:00,-0.0008790245451648069
2023-06-01 00:00:00+00:00,0.000686374943783933
2023-06-02 00:00:00+00:00,0.0020857530814637126
2023-06-03 00:00:00+00:00,0.0
2023-06-04 00:00:00+00:00,0.0
2023-06-05 00:00:00+00:00,-0.0004900223549275411
2023-06-06 00:00:00+00:00,0.00022741496013579338
2023-06-07 00:00:00+00:00,0.00023732710296467323
2023-06-08 00:00:00+00:00,0.0004488962657065801
2023-06-09 00:00:00+00:00,0.0
2023-06-10 00:00:00+00:00,0.0
2023-06-11 00:00:00+00:00,0.0
2023-06-12 00:00:00+00:00,0.0011208462192042943
2023-06-13 00:00:00+00:00,0.0011363282578510092
2023-06-14 00:00:00+00:00,0.0
2023-06-15 00:00:00+00:00,0.0014501266146071147
2023-06-16 00:00:00+00:00,-0.00032729875861465147
2023-06-17 00:00:00+00:00,0.0
2023-06-18 00:00:00+00:00,0.0
2023-06-19 00:00:00+00:00,0.0
2023-06-20 00:00:00+00:00,0.0
2023-06-21 00:00:00+00:00,0.0
2023-06-22 00:00:00+00:00,0.0
2023-06-23 00:00:00+00:00,-0.0008540104068201213
2023-06-24 00:00:00+00:00,0.0
2023-06-25 00:00:00+00:00,0.0
2023-06-26 00:00:00+00:00,0.0
2023-06-27 00:00:00+00:00,0.0009846528019609863
2023-06-28 00:00:00+00:00,0.00017035321524798538
2023-06-29 00:00:00+00:00,0.0008771850236087529
2023-06-30 00:00:00+00:00,0.0014705169128993644
2023-07-01 00:00:00+00:00,0.0
2023-07-02 00:00:00+00:00,0.0
2023-07-03 00:00:00+00:00,0.0008614520899103604
2023-07-04 00:00:00+00:00,0.0
2023-07-05 00:00:00+00:00,-0.0008886286035660922
2023-07-06 00:00:00+00:00,-0.0008273044072483898
2023-07-07 00:00:00+00:00,0.0
2023-07-08 00:00:00+00:00,0.0
2023-07-09 00:00:00+00:00,0.0
2023-07-10 00:00:00+00:00,0.0013336603058041224
2023-07-11 00:00:00+00:00,0.001353852434767714
2023-07-12 00:00:00+00:00,0.0004925753262544165
2023-07-13 00:00:00+00:00,0.0009474145493578841
2023-07-14 00:00:00+00:00,0.0
2023-07-15 00:00:00+00:00,0.0
2023-07-16 00:00:00+00:00,0.0
2023-07-17 00:00:00+00:00,0.0011351165055131422
2023-07-18 00:00:00+00:00,0.0005654956868423232
2023-07-19 00:00:00+00:00,0.0003129777925708577
2023-07-20 00:00:00+00:00,-0.00016665421032926618
2023-07-21 00:00:00+00:00,-0.0013538108491669952
2023-07-22 00:00:00+00:00,0.0
2023-07-23 00:00:00+00:00,0.0
2023-07-24 00:00:00+00:00,0.0
2023-07-25 00:00:00+00:00,0.0
2023-07-26 00:00:00+00:00,0.0
2023-07-27 00:00:00+00:00,-0.00046163112786054864
2023-07-28 00:00:00+00:00,-0.0006894583653451463
2023-07-29 00:00:00+00:00,0.0
2023-07-30 00:00:00+00:00,0.0
2023-07-31 00:00:00+00:00,0.0004931536374567202
2023-08-01 00:00:00+00:00,0.0004820666587189975
2023-08-02 00:00:00+00:00,-0.0005122689955541201
2023-08-03 00:00:00+00:00,0.0
2023-08-04 00:00:00+00:00,-0.0007476529979807256
2023-08-05 00:00:00+00:00,0.0
2023-08-06 00:00:00+00:00,0.0
2023-08-07 00:00:00+00:00,0.0008307749806705176
2023-08-08 00:00:00+00:00,-0.0008172167593896676
2023-08-09 00:00:00+00:00,-0.0006446960033206098
2023-08-10 00:00:00+00:00,0.00019701326850692194
2023-08-11 00:00:00+00:00,0.0008310904504427455
2023-08-12 00:00:00+00:00,0.0
2023-08-13 00:00:00+00:00,0.0
2023-08-14 00:00:00+00:00,0.0012390943623222623
2023-08-15 00:00:00+00:00,-0.000755930021403234
2023-08-16 00:00:00+00:00,-0.0002812819673136839
2023-08-17 00:00:00+00:00,-0.001006865251171795
2023-08-18 00:00:00+00:00,0.0005083869205811588
2023-08-19 00:00:00+00:00,0.0
2023-08-20 00:00:00+00:00,0.0
2023-08-21 00:00:00+00:00,0.0
2023-08-22 00:00:00+00:00,0.0006002374356472157
2023-08-23 00:00:00+00:00,0.0015390991074612918
2023-08-24 00:00:00+00:00,-0.0008406790789699242
2023-08-25 00:00:00+00:00,0.00040192437745819486
2023-08-26 00:00:00+00:00,0.0
2023-08-27 00:00:00+00:00,0.0
2023-08-28 00:00:00+00:00,0.0007585074421535363
2023-08-29 00:00:00+00:00,0.0013929653650962704
2023-08-30 00:00:00+00:00,0.0009015156619313831
2023-08-31 00:00:00+00:00,-0.0003692436177059392
2023-09-01 00:00:00+00:00,-0.0005004766136687829
2023-09-02 00:00:00+00:00,0.0
2023-09-03 00:00:00+00:00,0.0
2023-09-04 00:00:00+00:00,0.0
2023-09-05 00:00:00+00:00,-0.0014463968579570717
2023-09-06 00:00:00+00:00,0.0
2023-09-07 00:00:00+00:00,-0.0008646398918200542
2023-09-08 00:00:00+00:00,0.0
2023-09-09 00:00:00+00:00,0.0
2023-09-10 00:00:00+00:00,0.0
2023-09-11 00:00:00+00:00,0.0
2023-09-12 00:00:00+00:00,-0.00039721868224867375
2023-09-13 00:00:00+00:00,0.0
2023-09-14 00:00:00+00:00,0.0007308283494734143
2023-09-15 00:00:00+00:00,0.0
2023-09-16 00:00:00+00:00,0.0
2023-09-17 00:00:00+00:00,0.0
2023-09-18 00:00:00+00:00,0.0
2023-09-19 00:00:00+00:00,0.0
2023-09-20 00:00:00+00:00,0.0
2023-09-21 00:00:00+00:00,-0.0008834835511282213
2023-09-22 00:00:00+00:00,0.0003041505386196682
2023-09-23 00:00:00+00:00,0.0
2023-09-24 00:00:00+00:00,0.0
2023-09-25 00:00:00+00:00,0.0
2023-09-26 00:00:00+00:00,-0.0008839099524370773
2023-09-27 00:00:00+00:00,0.0
2023-09-28 00:00:00+00:00,0.0008172858172112748
2023-09-29 00:00:00+00:00,0.0
2023-09-30 00:00:00+00:00,0.0
2023-10-01 00:00:00+00:00,0.0
2023-10-02 00:00:00+00:00,-0.0009755690269215616
2023-10-03 00:00:00+00:00,-0.0009391590870548212
2023-10-04 00:00:00+00:00,0.0012921228312231736
2023-10-05 00:00:00+00:00,0.0002995332258755969
2023-10-06 00:00:00+00:00,0.0014995291813991256
2023-10-07 00:00:00+00:00,0.0
2023-10-08 00:00:00+00:00,0.0
2023-10-09 00:00:00+00:00,0.0
2023-10-10 00:00:00+00:00,0.00042021943364178307
2023-10-11 00:00:00+00:00,0.0
2023-10-12 00:00:00+00:00,-0.0013290401413433137
2023-10-13 00:00:00+00:00,-0.0006493826624349291
2023-10-14 00:00:00+00:00,0.0
2023-10-15 00:00:00+00:00,0.0
2023-10-16 00:00:00+00:00,0.000923112607735507
2023-10-17 00:00:00+00:00,0.0006906143584690336
2023-10-18 00:00:00+00:00,-0.001581818299471913
2023-10-19 00:00:00+00:00,-0.0013772643420900815
2023-10-20 00:00:00+00:00,-0.0012235659688093464
2023-10-21 00:00:00+00:00,0.0
2023-10-22 00:00:00+00:00,0.0
2023-10-23 00:00:00+00:00,-0.0010750294153819002
2023-10-24 00:00:00+00:00,0.0008339221171530038
2023-10-25 00:00:00+00:00,-0.0006061634748992954
2023-10-26 00:00:00+00:00,0.0
2023-10-27 00:00:00+00:00,-0.0007334897122443306
2023-10-28 00:00:00+00:00,0.0
2023-10-29 00:00:00+00:00,0.0
2023-10-30 00:00:00+00:00,0.00044275265027671077
2023-10-31 00:00:00+00:00,0.0012090455363121262
2023-11-01 00:00:00+00:00,-0.00044410933267417893
2023-11-02 00:00:00+00:00,0.0015946946158830952
2023-11-03 00:00:00+00:00,0.0008733176968850391
2023-11-04 00:00:00+00:00,0.0
2023-11-05 00:00:00+00:00,0.0
2023-11-06 00:00:00+00:00,0.0
2023-11-07 00:00:00+00:00,0.0
2023-11-08 00:00:00+00:00,0.0
2023-11-09 00:00:00+00:00,0.0
2023-11-10 00:00:00+00:00,0.001316918203523257
2023-11-11 00:00:00+00:00,0.0
2023-11-12 00:00:00+00:00,0.0
2023-11-13 00:00:00+00:00,0.0
2023-11-14 00:00:00+00:00,0.0019254702142994808
2023-11-15 00:00:00+00:00,0.0005325396607339151
2023-11-16 00:00:00+00:00,-0.000538972573428077
2023-11-17 00:00:00+00:00,-0.0003227065908906062
2023-11-18 00:00:00+00:00,0.0
2023-11-19 00:00:00+00:00,0.0
2023-11-20 00:00:00+00:00,0.0005029820019310955
2023-11-21 00:00:00+00:00,0.00047316319890337947
2023-11-22 00:00:00+00:00,0.0006936954046338422
2023-11-23 00:00:00+00:00,-0.00024337251679744547
2023-11-24 00:00:00+00:00,0.0004317688143005517
2023-11-25 00:00:00+00:00,0.0
2023-11-26 00:00:00+00:00,0.0
2023-11-27 00:00:00+00:00,0.0
2023-11-28 00:00:00+00:00,-0.0013125997126729818
2023-11-29 00:00:00+00:00,0.0008891163173995626
2023-11-30 00:00:00+00:00,0.0008262176927852231
2023-12-01 00:00:00+00:00,0.0018236656748396548
2023-12-02 00:00:00+00:00,0.0
2023-12-03 00:00:00+00:00,0.0
2023-12-04 00:00:00+00:00,0.0006784524460775846
2023-12-05 00:00:00+00:00,-0.0007313596511573595
2023-12-06 00:00:00+00:00,0.0003037580169691042
2023-12-07 00:00:00+00:00,0.0
2023-12-08 00:00:00+00:00,0.0
2023-12-09 00:00:00+00:00,0.0
2023-12-10 00:00:00+00:00,0.0
2023-12-11 00:00:00+00:00,0.0007001695192010043
2023-12-12 00:00:00+00:00,0.000588159022468275
2023-12-13 00:00:00+00:00,0.0008734530473564216
2023-12-14 00:00:00+00:00,0.0010666225668807898
2023-12-15 00:00:00+00:00,-0.0003681008270058595
2023-12-16 00:00:00+00:00,0.0
2023-12-17 00:00:00+00:00,0.0
2023-12-18 00:00:00+00:00,0.0
2023-12-19 00:00:00+00:00,0.00040881944129292797
2023-12-20 00:00:00+00:00,-0.0007932140352783081
2023-12-21 00:00:00+00:00,0.0011278369700605218
2023-12-22 00:00:00+00:00,0.00029010374722066533
2023-12-23 00:00:00+00:00,0.0
2023-12-24 00:00:00+00:00,0.0
2023-12-25 00:00:00+00:00,0.0
2023-12-26 00:00:00+00:00,0.0005257197852794986
2023-12-27 00:00:00+00:00,0.00031486311779178834
2023-12-28 00:00:00+00:00,0.0003387749992525455
2023-12-29 00:00:00+00:00,-0.0003318522241094362
2023-12-30 00:00:00+00:00,0.0
2023-12-31 00:00:00+00:00,0.0
2024-01-01 00:00:00+00:00,0.0
2024-01-02 00:00:00+00:00,0.005008569227573217
2024-01-03 00:00:00+00:00,-0.0015602504662423201
2024-01-04 00:00:00+00:00,-0.00042325556365158427
2024-01-05 00:00:00+00:00,0.00033193424819346256
2024-01-06 00:00:00+00:00,0.0
2024-01-07 00:00:00+00:00,0.0
2024-01-08 00:00:00+00:00,0.0007877611562472922
2024-01-09 00:00:00+00:00,-0.0001939904521764025
2024-01-10 00:00:00+00:00,0.0006730397900405101
2024-01-11 00:00:00+00:00,-0.0003141783100930641
2024-01-12 00:00:00+00:00,0.00042067078705502884
2024-01-13 00:00:00+00:00,0.0
2024-01-14 00:00:00+00:00,0.0
2024-01-15 00:00:00+00:00,0.0
2024-01-16 00:00:00+00:00,0.00037232456105298217
2024-01-17 00:00:00+00:00,-0.00039583822399924165
2024-01-18 00:00:00+00:00,0.00021426263921515523
2024-01-19 00:00:00+00:00,0.0023106070982111832
2024-01-20 00:00:00+00:00,0.0
2024-01-21 00:00:00+00:00,0.0
2024-01-22 00:00:00+00:00,0.0012564984268347956
2024-01-23 00:00:00+00:00,0.0
2024-01-24 00:00:00+00:00,0.0
2024-01-25 00:00:00+00:00,0.0
2024-01-26 00:00:00+00:00,0.0006489229094572738
2024-01-27 00:00:00+00:00,0.0
2024-01-28 00:00:00+00:00,0.0
2024-01-29 00:00:00+00:00,0.0011284452381360298
2024-01-30 00:00:00+00:00,-0.0001492186701568856
2024-01-31 00:00:00+00:00,0.0015243792890022767
2024-02-01 00:00:00+00:00,0.003134770281553713
2024-02-02 00:00:00+00:00,0.00039104087825173826
2024-02-03 00:00:00+00:00,0.0
2024-02-04 00:00:00+00:00,0.0
2024-02-05 00:00:00+00:00,-0.0006356324397966574
2024-02-06 00:00:00+00:00,0.00030301884425925035
2024-02-07 00:00:00+00:00,0.0
2024-02-08 00:00:00+00:00,0.0004166450432112828
2024-02-09 00:00:00+00:00,0.0006333186557636349
2024-02-10 00:00:00+00:00,0.0
2024-02-11 00:00:00+00:00,0.0
2024-02-12 00:00:00+00:00,0.0
2024-02-13 00:00:00+00:00,-0.000969474933274703
2024-02-14 00:00:00+00:00,0.001052703394792029
2024-02-15 00:00:00+00:00,0.0006038348371738669
2024-02-16 00:00:00+00:00,0.0
2024-02-17 00:00:00+00:00,0.0
2024-02-18 00:00:00+00:00,0.0
2024-02-19 00:00:00+00:00,0.0
2024-02-20 00:00:00+00:00,0.0
2024-02-21 00:00:00+00:00,0.0002960845138700605
2024-02-22 00:00:00+00:00,0.0013060611256747918
2024-02-23 00:00:00+00:00,0.0
2024-02-24 00:00:00+00:00,0.0
2024-02-25 00:00:00+00:00,0.0
2024-02-26 00:00:00+00:00,0.0
2024-02-27 00:00:00+00:00,0.0
2024-02-28 00:00:00+00:00,0.00043270448880991476
2024-02-29 00:00:00+00:00,-0.0002025323983288023
2024-03-01 00:00:00+00:00,0.0005275867233487533
2024-03-02 00:00:00+00:00,0.0
2024-03-03 00:00:00+00:00,0.0
2024-03-04 00:00:00+00:00,0.0
2024-03-05 00:00:00+00:00,0.0
2024-03-06 00:00:00+00:00,0.0
2024-03-07 00:00:00+00:00,0.0
2024-03-08 00:00:00+00:00,0.0
2024-03-09 00:00:00+00:00,0.0
2024-03-10 00:00:00+00:00,0.0
2024-03-11 00:00:00+00:00,0.0
2024-03-12 00:00:00+00:00,0.0
2024-03-13 00:00:00+00:00,0.0
2024-03-14 00:00:00+00:00,0.0
2024-03-15 00:00:00+00:00,0.0
2024-03-16 00:00:00+00:00,0.0
2024-03-17 00:00:00+00:00,0.0
2024-03-18 00:00:00+00:00,0.0
2024-03-19 00:00:00+00:00,0.00030574724600160617
2024-03-20 00:00:00+00:00,0.0005807883468481206
2024-03-21 00:00:00+00:00,-0.0004508210750124653
2024-03-22 00:00:00+00:00,0.0
2024-03-23 00:00:00+00:00,0.0
2024-03-24 00:00:00+00:00,0.0
2024-03-25 00:00:00+00:00,-0.00035123277874893105
2024-03-26 00:00:00+00:00,0.0
2024-03-27 00:00:00+00:00,0.0011265897229791439
2024-03-28 00:00:00+00:00,0.0006301387663805657
2024-03-29 00:00:00+00:00,0.0
2024-03-30 00:00:00+00:00,0.0
2024-03-31 00:00:00+00:00,0.0
2024-04-01 00:00:00+00:00,0.0027258703577389457
2024-04-02 00:00:00+00:00,-0.0006693208599095474
2024-04-03 00:00:00+00:00,-0.00024744533602849523
2024-04-04 00:00:00+00:00,-0.0007522946661421337
2024-04-05 00:00:00+00:00,0.0005254434346541746
2024-04-06 00:00:00+00:00,0.0
2024-04-07 00:00:00+00:00,0.0
2024-04-08 00:00:00+00:00,0.00028562664500776517
2024-04-09 00:00:00+00:00,-0.00031335785904984043
2024-04-10 00:00:00+00:00,-0.0008088244818892656
2024-04-11 00:00:00+00:00,0.00032086130798271873
2024-04-12 00:00:00+00:00,-0.0007321578676725676
2024-04-13 00:00:00+00:00,0.0
2024-04-14 00:00:00+00:00,0.0
2024-04-15 00:00:00+00:00,-0.0003874193972962707
2024-04-16 00:00:00+00:00,0.0
2024-04-17 00:00:00+00:00,0.000388488939537974
2024-04-18 00:00:00+00:00,0.0003980801842340283
2024-04-19 00:00:00+00:00,0.0002874728625326663
2024-04-20 00:00:00+00:00,0.0
2024-04-21 00:00:00+00:00,0.0
2024-04-22 00:00:00+00:00,0.0005316627170887157
2024-04-23 00:00:00+00:00,0.0
2024-04-24 00:00:00+00:00,0.0
2024-04-25 00:00:00+00:00,0.0
2024-04-26 00:00:00+00:00,0.0
2024-04-27 00:00:00+00:00,0.0
2024-04-28 00:00:00+00:00,0.0
2024-04-29 00:00:00+00:00,0.0008945875670646435
2024-04-30 00:00:00+00:00,-0.001196854976280132
2024-05-01 00:00:00+00:00,-0.0007531512903132439
2024-05-02 00:00:00+00:00,0.0006003028463440843
2024-05-03 00:00:00+00:00,0.00031897824926265027
2024-05-04 00:00:00+00:00,0.0
2024-05-05 00:00:00+00:00,0.0
2024-05-06 00:00:00+00:00,0.0010592466483893802
2024-05-07 00:00:00+00:00,0.0
2024-05-08 00:00:00+00:00,0.0
2024-05-09 00:00:00+00:00,0.0006804750375067957
2024-05-10 00:00:00+00:00,0.000459702252934674
2024-05-11 00:00:00+00:00,0.0
2024-05-12 00:00:00+00:00,0.0
2024-05-13 00:00:00+00:00,0.0
2024-05-14 00:00:00+00:00,0.0
2024-05-15 00:00:00+00:00,0.0004635766741895275
2024-05-16 00:00:00+00:00,-0.0005707780562299659
2024-05-17 00:00:00+00:00,0.0
2024-05-18 00:00:00+00:00,0.0
2024-05-19 00:00:00+00:00,0.0
2024-05-20 00:00:00+00:00,0.00043853501814037927
2024-05-21 00:00:00+00:00,0.0
2024-05-22 00:00:00+00:00,0.0
2024-05-23 00:00:00+00:00,-0.0005512607123517474
2024-05-24 00:00:00+00:00,0.0007514553746241786
2024-05-25 00:00:00+00:00,0.0
2024-05-26 00:00:00+00:00,0.0
2024-05-27 00:00:00+00:00,0.0
2024-05-28 00:00:00+00:00,-0.0007114958156960675
2024-05-29 00:00:00+00:00,-0.0009299401321456693
2024-05-30 00:00:00+00:00,0.0009751774723414846
2024-05-31 00:00:00+00:00,0.0011399970146721509
2024-06-01 00:00:00+00:00,0.0
2024-06-02 00:00:00+00:00,0.0
2024-06-03 00:00:00+00:00,-0.0002948185243015028
2024-06-04 00:00:00+00:00,-0.00045698271483605454
2024-06-05 00:00:00+00:00,0.0003728731404257252
2024-06-06 00:00:00+00:00,-0.00017331734450467049
2024-06-07 00:00:00+00:00,-0.0003429140821046209
2024-06-08 00:00:00+00:00,0.0
2024-06-09 00:00:00+00:00,0.0
2024-06-10 00:00:00+00:00,0.0003066862841577194
2024-06-11 00:00:00+00:00,-0.0003365705024036284
2024-06-12 00:00:00+00:00,0.0004237299981454808
2024-06-13 00:00:00+00:00,-0.0005887155113492784
2024-06-14 00:00:00+00:00,-0.00036948546890353906
2024-06-15 00:00:00+00:00,0.0
2024-06-16 00:00:00+00:00,0.0
2024-06-17 00:00:00+00:00,0.0
2024-06-18 00:00:00+00:00,0.0
2024-06-19 00:00:00+00:00,0.0
2024-06-20 00:00:00+00:00,0.0
2024-06-21 00:00:00+00:00,0.0
2024-06-22 00:00:00+00:00,0.0
2024-06-23 00:00:00+00:00,0.0
2024-06-24 00:00:00+00:00,0.0
2024-06-25 00:00:00+00:00,-0.0005391659641631487
2024-06-26 00:00:00+00:00,0.0
2024-06-27 00:00:00+00:00,0.0
2024-06-28 00:00:00+00:00,0.0
2024-06-29 00:00:00+00:00,0.0
2024-06-30 00:00:00+00:00,0.0
2024-07-01 00:00:00+00:00,0.0
2024-07-02 00:00:00+00:00,0.0
2024-07-03 00:00:00+00:00,0.0
2024-07-04 00:00:00+00:00,0.0
2024-07-05 00:00:00+00:00,0.0
2024-07-06 00:00:00+00:00,0.0
2024-07-07 00:00:00+00:00,0.0
2024-07-08 00:00:00+00:00,0.0004861183425377595
2024-07-09 00:00:00+00:00,0.0
2024-07-10 00:00:00+00:00,0.000683307741344775
2024-07-11 00:00:00+00:00,0.0009375152616068052
2024-07-12 00:00:00+00:00,0.00028945985541087093
2024-07-13 00:00:00+00:00,0.0
2024-07-14 00:00:00+00:00,0.0
2024-07-15 00:00:00+00:00,0.0
2024-07-16 00:00:00+00:00,0.001277914602326986
2024-07-17 00:00:00+00:00,-0.00030637390176563
2024-07-18 00:00:00+00:00,-0.0010988558811290139
2024-07-19 00:00:00+00:00,-0.0006517040104735968
2024-07-20 00:00:00+00:00,0.0
2024-07-21 00:00:00+00:00,0.0
2024-07-22 00:00:00+00:00,0.0008149876508421129
2024-07-23 00:00:00+00:00,0.0
2024-07-24 00:00:00+00:00,0.0004084076682374574
2024-07-25 00:00:00+00:00,0.0005586279274134839
2024-07-26 00:00:00+00:00,0.0014855099173295735
2024-07-27 00:00:00+00:00,0.0
2024-07-28 00:00:00+00:00,0.0
2024-07-29 00:00:00+00:00,0.0
2024-07-30 00:00:00+00:00,0.0
2024-07-31 00:00:00+00:00,-0.0004979679330560044
2024-08-01 00:00:00+00:00,0.0010790856394875135
2024-08-02 00:00:00+00:00,-0.0014213868044915371
2024-08-05 00:00:00+00:00,-0.0009067168803172343
2024-08-06 00:00:00+00:00,0.0
2024-08-07 00:00:00+00:00,0.0
2024-08-08 00:00:00+00:00,0.0008617667126521747
2024-08-09 00:00:00+00:00,0.0
2024-08-12 00:00:00+00:00,0.0
2024-08-13 00:00:00+00:00,0.0005815664680432473
2024-08-14 00:00:00+00:00,0.0
2024-08-15 00:00:00+00:00,0.0005776239476449715
2024-08-16 00:00:00+00:00,-0.0002903934841540396
2024-08-19 00:00:00+00:00,0.0
2024-08-20 00:00:00+00:00,0.0
2024-08-21 00:00:00+00:00,0.0
2024-08-22 00:00:00+00:00,0.0
2024-08-23 00:00:00+00:00,0.0007310868237374053
2024-08-26 00:00:00+00:00,0.0
2024-08-27 00:00:00+00:00,0.0
2024-08-28 00:00:00+00:00,0.0
2024-08-29 00:00:00+00:00,0.0
2024-08-30 00:00:00+00:00,0.0
2024-09-01 00:00:00+00:00,0.0
2024-09-02 00:00:00+00:00,0.00480679995654592
2024-09-03 00:00:00+00:00,0.002057148922461285
2024-09-04 00:00:00+00:00,-0.00017750501822578763
2024-09-05 00:00:00+00:00,0.00027931358077498767
2024-09-06 00:00:00+00:00,-0.0009715141014365421
2024-09-08 00:00:00+00:00,0.0
2024-09-09 00:00:00+00:00,0.002151299040698407
2024-09-10 00:00:00+00:00,0.0
2024-09-11 00:00:00+00:00,0.0
2024-09-12 00:00:00+00:00,0.0
2024-09-13 00:00:00+00:00,0.0010918714947198889
2024-09-15 00:00:00+00:00,0.0
2024-09-16 00:00:00+00:00,0.0
2024-09-17 00:00:00+00:00,0.0
2024-09-18 00:00:00+00:00,-0.0006658674319063399
2024-09-19 00:00:00+00:00,0.0014990307025451774
2024-09-20 00:00:00+00:00,-0.0005660340992825634
2024-09-22 00:00:00+00:00,0.0
2024-09-23 00:00:00+00:00,0.0009864147837914357
2024-09-24 00:00:00+00:00,0.0013383135328950072
2024-09-25 00:00:00+00:00,-0.0004125749108314034
2024-09-26 00:00:00+00:00,0.002274303370383803
2024-09-27 00:00:00+00:00,0.0007929917078333477
2024-09-29 00:00:00+00:00,0.0
2024-09-30 00:00:00+00:00,-0.0013276106362685462
2024-10-01 00:00:00+00:00,-0.0008623944071041736
2024-10-02 00:00:00+00:00,-0.00040733463168940665
2024-10-03 00:00:00+00:00,-0.0006317790172410149
2024-10-04 00:00:00+00:00,0.001372179849236068
2024-10-06 00:00:00+00:00,0.0
2024-10-07 00:00:00+00:00,-0.0005486827925020056
2024-10-08 00:00:00+00:00,-0.00029375930753985924
2024-10-09 00:00:00+00:00,0.0006407905710212282
2024-10-10 00:00:00+00:00,-0.0004918813717720368
2024-10-11 00:00:00+00:00,0.0013330345783351635
2024-10-13 00:00:00+00:00,0.0
2024-10-14 00:00:00+00:00,0.00028751626453518594
2024-10-15 00:00:00+00:00,0.0007538194644783281
2024-10-16 00:00:00+00:00,0.00047304313585322584
2024-10-17 00:00:00+00:00,0.00046997029657256913
2024-10-18 00:00:00+00:00,0.0
2024-10-20 00:00:00+00:00,0.0
2024-10-21 00:00:00+00:00,-0.0004574827058556672
2024-10-22 00:00:00+00:00,-0.0005192553388296952
2024-10-23 00:00:00+00:00,-0.0001638940602189808
2024-10-24 00:00:00+00:00,-0.000569748431987338
2024-10-25 00:00:00+00:00,0.00036191003521487904
2024-10-27 00:00:00+00:00,0.0
2024-10-28 00:00:00+00:00,0.0002905659438468666
2024-10-29 00:00:00+00:00,-0.0007702815244760258
2024-10-30 00:00:00+00:00,-0.0003270431246971659
2024-10-31 00:00:00+00:00,-0.0004518452408269575
2024-11-01 00:00:00+00:00,0.0
2024-11-02 00:00:00+00:00,0.0
2024-11-03 00:00:00+00:00,0.0
2024-11-04 00:00:00+00:00,0.0
2024-11-05 00:00:00+00:00,0.0005090515983248405
2024-11-06 00:00:00+00:00,0.0021524877696659332
2024-11-07 00:00:00+00:00,-0.0001589223295624785
2024-11-08 00:00:00+00:00,0.0009742556756170334
2024-11-09 00:00:00+00:00,0.0
2024-11-10 00:00:00+00:00,0.0
2024-11-11 00:00:00+00:00,0.0008601819362435105
2024-11-12 00:00:00+00:00,-0.0002967458928490657
2024-11-13 00:00:00+00:00,0.0
2024-11-14 00:00:00+00:00,0.0
2024-11-15 00:00:00+00:00,-0.00040691070769635754
2024-11-16 00:00:00+00:00,0.0
2024-11-17 00:00:00+00:00,0.0
2024-11-18 00:00:00+00:00,0.0
2024-11-19 00:00:00+00:00,0.0
2024-11-20 00:00:00+00:00,0.0002907786553653339
2024-11-21 00:00:00+00:00,0.0007678024308337447
2024-11-22 00:00:00+00:00,0.0005520857221014681
2024-11-23 00:00:00+00:00,0.0
2024-11-24 00:00:00+00:00,0.0
2024-11-25 00:00:00+00:00,0.0
2024-11-26 00:00:00+00:00,0.0
2024-11-27 00:00:00+00:00,0.0
2024-11-28 00:00:00+00:00,0.0
2024-11-29 00:00:00+00:00,0.0
2024-11-30 00:00:00+00:00,0.0
2024-12-01 00:00:00+00:00,0.0
2024-12-02 00:00:00+00:00,0.002002652821463862
2024-12-03 00:00:00+00:00,0.0
2024-12-04 00:00:00+00:00,0.00040285393812307635
2024-12-05 00:00:00+00:00,0.001026972907403364
2024-12-06 00:00:00+00:00,-0.00048317150139836457
2024-12-08 00:00:00+00:00,0.0
2024-12-09 00:00:00+00:00,-0.0006606329841440218
2024-12-10 00:00:00+00:00,-0.00022553389451912596
2024-12-11 00:00:00+00:00,0.0009339982756331006
2024-12-12 00:00:00+00:00,0.0
2024-12-13 00:00:00+00:00,0.0
2024-12-15 00:00:00+00:00,0.0
2024-12-16 00:00:00+00:00,0.0
2024-12-17 00:00:00+00:00,-0.00048591448672084873
2024-12-18 00:00:00+00:00,-0.0014038205971294458
2024-12-19 00:00:00+00:00,0.0
2024-12-20 00:00:00+00:00,0.0005404405592003842
2024-12-22 00:00:00+00:00,0.0
2024-12-23 00:00:00+00:00,0.0
2024-12-24 00:00:00+00:00,0.000455738321796921
2024-12-25 00:00:00+00:00,0.0
2024-12-26 00:00:00+00:00,0.0
2024-12-27 00:00:00+00:00,0.0
2024-12-29 00:00:00+00:00,0.0
2024-12-30 00:00:00+00:00,-0.000494474571396169
2024-12-31 00:00:00+00:00,0.0
2025-01-01 00:00:00+00:00,0.0
2025-01-02 00:00:00+00:00,0.0
2025-01-03 00:00:00+00:00,0.0
2025-01-04 00:00:00+00:00,0.0
2025-01-05 00:00:00+00:00,0.0
2025-01-06 00:00:00+00:00,0.0007115204827643279
2025-01-07 00:00:00+00:00,-0.00024651154412133104
2025-01-08 00:00:00+00:00,0.00028137530425607974
2025-01-09 00:00:00+00:00,0.00026241427974944473
2025-01-10 00:00:00+00:00,-0.0004230340696807371
2025-01-11 00:00:00+00:00,0.0
2025-01-12 00:00:00+00:00,0.0
2025-01-13 00:00:00+00:00,0.0
2025-01-14 00:00:00+00:00,0.0005713341634536525
2025-01-15 00:00:00+00:00,0.000343183283937486
2025-01-16 00:00:00+00:00,0.0003928421675227048
2025-01-17 00:00:00+00:00,0.0005982909396001338
2025-01-19 00:00:00+00:00,0.0
2025-01-20 00:00:00+00:00,0.0
2025-01-21 00:00:00+00:00,0.0010729740463507175
2025-01-22 00:00:00+00:00,0.00039366137292887117
2025-01-23 00:00:00+00:00,-0.00023342386947335377
2025-01-24 00:00:00+00:00,0.0003291244354239523
2025-01-26 00:00:00+00:00,0.0
2025-01-27 00:00:00+00:00,-0.0013090089918610973
2025-01-28 00:00:00+00:00,0.0004111611471417848
2025-01-29 00:00:00+00:00,0.00017665293909164824
2025-01-30 00:00:00+00:00,0.0004102212105400744
2025-01-31 00:00:00+00:00,-0.00045141125308128063
2025-02-02 00:00:00+00:00,0.0007199830105522165
2025-02-03 00:00:00+00:00,-0.00032063598667751806
2025-02-04 00:00:00+00:00,0.00029315180406809136
2025-02-05 00:00:00+00:00,0.0
2025-02-06 00:00:00+00:00,0.0009183312748045459
2025-02-07 00:00:00+00:00,0.0
2025-02-09 00:00:00+00:00,0.0
2025-02-10 00:00:00+00:00,0.0
2025-02-11 00:00:00+00:00,0.0
2025-02-12 00:00:00+00:00,0.0
2025-02-13 00:00:00+00:00,0.0
2025-02-14 00:00:00+00:00,0.0
2025-02-16 00:00:00+00:00,0.0
2025-02-17 00:00:00+00:00,0.0
2025-02-18 00:00:00+00:00,0.0
2025-02-19 00:00:00+00:00,0.0
2025-02-20 00:00:00+00:00,-0.0005385464211221806
2025-02-21 00:00:00+00:00,-0.00028807317099429285
2025-02-23 00:00:00+00:00,0.0
2025-02-24 00:00:00+00:00,0.0
2025-02-25 00:00:00+00:00,0.0
2025-02-26 00:00:00+00:00,0.0
2025-02-27 00:00:00+00:00,0.0
2025-02-28 00:00:00+00:00,0.0
2025-03-02 00:00:00+00:00,0.0
2025-03-03 00:00:00+00:00,-0.0011283283712616077
2025-03-04 00:00:00+00:00,-0.0005172866697846781
2025-03-05 00:00:00+00:00,0.0003383969072407803
2025-03-06 00:00:00+00:00,0.0
2025-03-07 00:00:00+00:00,0.0
2025-03-09 00:00:00+00:00,0.0
2025-03-10 00:00:00+00:00,0.0
2025-03-11 00:00:00+00:00,0.0
2025-03-12 00:00:00+00:00,0.0
2025-03-13 00:00:00+00:00,0.0
2025-03-14 00:00:00+00:00,0.0
2025-03-16 00:00:00+00:00,0.0
2025-03-17 00:00:00+00:00,0.0
2025-03-18 00:00:00+00:00,0.0
2025-03-19 00:00:00+00:00,0.0
2025-03-20 00:00:00+00:00,0.0
2025-03-21 00:00:00+00:00,0.0
2025-03-23 00:00:00+00:00,0.0
2025-03-24 00:00:00+00:00,0.0
2025-03-25 00:00:00+00:00,0.0
2025-03-26 00:00:00+00:00,0.0
2025-03-27 00:00:00+00:00,0.0
2025-03-28 00:00:00+00:00,0.0
2025-03-30 00:00:00+00:00,0.0
2025-03-31 00:00:00+00:00,0.0
2025-04-01 00:00:00+00:00,0.0
2025-04-02 00:00:00+00:00,0.0
2025-04-03 00:00:00+00:00,0.0
2025-04-04 00:00:00+00:00,0.0
2025-04-07 00:00:00+00:00,0.0
2025-04-08 00:00:00+00:00,0.0
2025-04-09 00:00:00+00:00,0.0
2025-04-10 00:00:00+00:00,0.0
2025-04-11 00:00:00+00:00,0.0
2025-04-14 00:00:00+00:00,0.0
2025-04-15 00:00:00+00:00,0.0
2025-04-16 00:00:00+00:00,0.0
2025-04-17 00:00:00+00:00,0.0
2025-04-18 00:00:00+00:00,0.0
2025-04-21 00:00:00+00:00,0.0
2025-04-22 00:00:00+00:00,0.0
2025-04-23 00:00:00+00:00,0.0
2025-04-24 00:00:00+00:00,0.0
2025-04-25 00:00:00+00:00,0.0
2025-04-28 00:00:00+00:00,0.0
2025-04-29 00:00:00+00:00,0.0
2025-04-30 00:00:00+00:00,0.0
2025-05-01 00:00:00+00:00,0.0023895587928785575
2025-05-02 00:00:00+00:00,0.0
2025-05-04 00:00:00+00:00,0.0
2025-05-05 00:00:00+00:00,0.0
2025-05-06 00:00:00+00:00,0.0
2025-05-07 00:00:00+00:00,0.0
2025-05-08 00:00:00+00:00,0.0
2025-05-09 00:00:00+00:00,0.0
2025-05-11 00:00:00+00:00,0.0
2025-05-12 00:00:00+00:00,0.0
2025-05-13 00:00:00+00:00,0.0
2025-05-14 00:00:00+00:00,0.0
2025-05-15 00:00:00+00:00,0.0
2025-05-16 00:00:00+00:00,0.0
2025-05-18 00:00:00+00:00,0.0
2025-05-19 00:00:00+00:00,0.0
2025-05-20 00:00:00+00:00,0.0
2025-05-21 00:00:00+00:00,0.0
2025-05-22 00:00:00+00:00,0.0
2025-05-23 00:00:00+00:00,0.0
2025-05-25 00:00:00+00:00,0.0
2025-05-26 00:00:00+00:00,0.0
2025-05-27 00:00:00+00:00,0.0
2025-05-28 00:00:00+00:00,0.0
2025-05-29 00:00:00+00:00,0.0
2025-05-30 00:00:00+00:00,0.0
2025-06-01 00:00:00+00:00,0.0
2025-06-02 00:00:00+00:00,0.0
2025-06-03 00:00:00+00:00,0.0
2025-06-04 00:00:00+00:00,0.0
2025-06-05 00:00:00+00:00,0.0
2025-06-06 00:00:00+00:00,0.0
2025-06-08 00:00:00+00:00,0.0
2025-06-09 00:00:00+00:00,0.0
2025-06-10 00:00:00+00:00,0.0
2025-06-11 00:00:00+00:00,0.0
2025-06-12 00:00:00+00:00,0.0
2025-06-13 00:00:00+00:00,0.0
2025-06-15 00:00:00+00:00,0.0
2025-06-16 00:00:00+00:00,0.0
2025-06-17 00:00:00+00:00,0.0
2025-06-18 00:00:00+00:00,0.0
2025-06-19 00:00:00+00:00,0.0
2025-06-20 00:00:00+00:00,0.0
2025-06-23 00:00:00+00:00,0.0
2025-06-24 00:00:00+00:00,0.0
2025-06-25 00:00:00+00:00,0.0
2025-06-26 00:00:00+00:00,0.0
2025-06-27 00:00:00+00:00,0.0
2025-06-29 00:00:00+00:00,0.0
2025-06-30 00:00:00+00:00,0.0
2025-07-01 00:00:00+00:00,0.0
2025-07-02 00:00:00+00:00,0.0
2025-07-03 00:00:00+00:00,0.0
2025-07-04 00:00:00+00:00,0.0
2025-07-06 00:00:00+00:00,0.0
2025-07-07 00:00:00+00:00,0.0
2025-07-08 00:00:00+00:00,0.0
2025-07-09 00:00:00+00:00,0.0
2025-07-10 00:00:00+00:00,0.0
2025-07-11 00:00:00+00:00,0.0
2025-07-13 00:00:00+00:00,0.0
2025-07-14 00:00:00+00:00,0.0
2025-07-15 00:00:00+00:00,0.0
2025-07-16 00:00:00+00:00,0.0
2025-07-17 00:00:00+00:00,0.0
2025-07-18 00:00:00+00:00,0.0
2025-07-20 00:00:00+00:00,0.0
2025-07-21 00:00:00+00:00,0.0
2025-07-22 00:00:00+00:00,0.0
2025-07-23 00:00:00+00:00,0.0
2025-07-24 00:00:00+00:00,0.0
2025-07-25 00:00:00+00:00,0.0
2025-07-27 00:00:00+00:00,0.0
2025-07-28 00:00:00+00:00,0.0
2025-07-29 00:00:00+00:00,0.0
2025-07-30 00:00:00+00:00,0.0
2025-07-31 00:00:00+00:00,0.0
2025-08-01 00:00:00+00:00,0.0
2025-08-03 00:00:00+00:00,0.0
2025-08-04 00:00:00+00:00,0.0
2025-08-05 00:00:00+00:00,0.0
2025-08-06 00:00:00+00:00,0.0
2025-08-07 00:00:00+00:00,0.0
2025-08-08 00:00:00+00:00,0.0
2025-08-10 00:00:00+00:00,0.0
2025-08-11 00:00:00+00:00,0.0
2025-08-12 00:00:00+00:00,0.0
2025-08-13 00:00:00+00:00,0.0
2025-08-14 00:00:00+00:00,0.0
2025-08-15 00:00:00+00:00,0.0
2025-08-18 00:00:00+00:00,0.0
2025-08-19 00:00:00+00:00,0.0
2025-08-20 00:00:00+00:00,0.0
2025-08-21 00:00:00+00:00,0.0
